Date,Category,Thana,District,DayOfWeek,Season
02-03-2018,Murder,Belabo Thana,Narsingdi,Friday,Summer
29-04-2017,Gang rape,Rajoir Thana,Madaripur,Saturday,Summer
29-06-2017,Murder,Ghatail Thana,Tangail,Thursday,Summer
01-07-2017,Murder,Keraniganj Model Thana,Dhaka,Saturday,Rainy
25-12-2017,Murder,Manikganj Thana,Manikganj,Monday,Winter
17-07-2017,Robbery,Ashulia Thana,Dhaka,Monday,Rainy
14-08-2017,Murder,Joydebpur Thana,Gazipur,Monday,Rainy
18-12-2017,Murder,Joydebpur Thana,Gazipur,Monday,Winter
05-02-2018,Murder,Kapasia Thana,Gazipur,Monday,Winter
06-11-2017,Murder,Sonargaon Thana,Narayanganj,Monday,Winter
05-09-2017,Robbery,Joydebpur Thana,Gazipur,Tuesday,Rainy
27-06-2017,Violence Against Women,Bhairab Thana,Kishoreganj,Tuesday,Summer
10-03-2018,Murder,Rajoir Thana,Madaripur,Saturday,Summer
07-04-2017,Gang rape,Kotalipara Thana,Gopalganj,Friday,Summer
08-06-2017,Murder,Munshiganj Thana,Munshiganj,Thursday,Summer
14-11-2017,Murder,Bondor Thana,Narayanganj,Tuesday,Winter
11-11-2017,Murder,Rupganj Thana,Narayanganj,Saturday,Winter
13-03-2018,Murder,Tongi Thana,Gazipur,Tuesday,Summer
10-09-2017,Murder,Kapasia Thana,Gazipur,Sunday,Rainy
01-08-2017,Murder,Bajitpur Thana,Kishoreganj,Tuesday,Rainy
14-02-2018,Violence Against Women,Rupganj Thana,Narayanganj,Wednesday,Winter
05-06-2017,Murder,Savar Model Thana,Dhaka,Monday,Summer
17-03-2018,Murder,Tongi Thana,Gazipur,Saturday,Summer
04-12-2017,Robbery,Madhabdi Thana,Narsingdi,Monday,Winter
18-08-2017,Murder,Saltha Thana,Faridpur,Friday,Rainy
13-07-2017,Kidnap,Narsingdi Thana,Narsingdi,Thursday,Rainy
23-03-2018,Murder,Siddhirganj Thana,Narayanganj,Friday,Summer
10-05-2017,Violence Against Women,Ashulia Thana,Dhaka,Wednesday,Summer
13-03-2018,Murder,Tongi Thana,Gazipur,Tuesday,Summer
05-05-2017,Murder,Ashulia Thana,Dhaka,Friday,Summer
16-02-2018,Murder,Tarail Thana,Kishoreganj,Friday,Winter
26-10-2017,Murder,Boalmari Thana,Faridpur,Thursday,Rainy
22-09-2017,Robbery,Mirzapur Thana,Tangail,Friday,Rainy
20-04-2017,Gang rape,Munshiganj Thana,Munshiganj,Thursday,Summer
08-11-2017,Robbery,Ashulia Thana,Dhaka,Wednesday,Winter
26-07-2017,Murder,Sakhipur Thana,Tangail,Wednesday,Rainy
12-05-2017,Murder,Madhupur Thana,Tangail,Friday,Summer
18-03-2018,Robbery,Palash Thana,Narsingdi,Sunday,Summer
11-02-2018,Robbery,Narsingdi Thana,Narsingdi,Sunday,Winter
29-01-2018,Violence Against Women,Shibpur Model Thana,Narsingdi,Monday,Winter
26-02-2018,Murder,Basail Thana,Tangail,Monday,Winter
28-08-2017,Robbery,Savar Model Thana,Dhaka,Monday,Rainy
24-10-2017,Robbery,Joydebpur Thana,Gazipur,Tuesday,Rainy
10-06-2017,Murder,Narayanganj Model Thana,Narayanganj,Saturday,Summer
01-12-2017,Murder,Araihazar Thana,Narayanganj,Friday,Winter
29-07-2017,Murder,Tangail Thana,Tangail,Saturday,Rainy
27-06-2017,Murder,Sreepur Thana,Gazipur,Tuesday,Summer
17-10-2017,Robbery,Palash Thana,Narsingdi,Tuesday,Rainy
23-07-2017,Robbery,South Keraniganj Thana,Dhaka,Sunday,Rainy
08-07-2017,Murder,Narsingdi Model Thana,Narsingdi,Saturday,Rainy
12-08-2017,Murder,Mirzapur Thana,Tangail,Saturday,Rainy
05-04-2017,Gang rape,Madaripur Thana,Madaripur,Wednesday,Summer
31-01-2018,Murder,Madhabdi Thana,Narsingdi,Wednesday,Winter
30-06-2017,Violence Against Women,Naria Thana,Shariatpur,Friday,Summer
10-10-2017,Murder,Kapasia Thana,Gazipur,Tuesday,Rainy
28-05-2017,Murder,Sreepur Thana,Gazipur,Sunday,Summer
25-04-2017,Violence Against Women,Mirzapur Thana,Tangail,Tuesday,Summer
13-08-2017,Murder,Narsingdi Thana,Narsingdi,Sunday,Rainy
31-03-2018,Murder,Itna Thana,Kishoreganj,Saturday,Summer
12-05-2017,Murder,Kapasia Thana,Gazipur,Friday,Summer
22-10-2017,Murder,Narsingdi Thana,Narsingdi,Sunday,Rainy
02-11-2017,Robbery,Sirajdikhan Thana,Munshiganj,Thursday,Winter
10-10-2017,Robbery,Louhajong Thana,Munshiganj,Tuesday,Rainy
19-05-2017,Murder,Raipura Thana,Narsingdi,Friday,Summer
30-05-2017,Violence Against Women,Charbhadrasan Thana,Faridpur,Tuesday,Summer
20-07-2017,Robbery,Keraniganj Model Thana,Dhaka,Thursday,Rainy
05-12-2017,Murder,Savar Model Thana,Dhaka,Tuesday,Winter
10-02-2018,Murder,Nikli Thana,Kishoreganj,Saturday,Winter
22-09-2017,Murder,Belabo Thana,Narsingdi,Friday,Rainy
11-03-2018,Violence Against Women,Savar Model Thana,Dhaka,Sunday,Summer
10-01-2018,Robbery,Singair Thana,Manikganj,Wednesday,Winter
08-10-2017,Gang rape,Kotwali Thana,Faridpur,Sunday,Rainy
30-06-2017,Murder,Goshairhat Thana,Shariatpur,Friday,Summer
21-04-2017,Murder,Tongi Thana,Gazipur,Friday,Summer
01-03-2018,Murder,Tarail Thana,Kishoreganj,Thursday,Summer
03-02-2018,Murder,Bhanga Thana,Faridpur,Saturday,Winter
18-07-2017,Robbery,Kuliarchar Thana,Kishoreganj,Tuesday,Rainy
20-02-2018,Robbery,Savar Model Thana,Dhaka,Tuesday,Winter
09-12-2017,Murder,Kaliganj Thana,Gazipur,Saturday,Winter
07-11-2017,Murder,Kuliarchar Thana,Kishoreganj,Tuesday,Winter
03-11-2017,Murder,Sonargaon Thana,Narayanganj,Friday,Winter
26-04-2017,Murder,Sakhipur Thana,Tangail,Wednesday,Summer
10-05-2017,Robbery,Joydebpur Thana,Gazipur,Wednesday,Summer
29-08-2017,Violence Against Women,Dasar Thana,Madaripur,Tuesday,Rainy
07-02-2018,Robbery,Kashiani Thana,Gopalganj,Wednesday,Winter
30-01-2018,Murder,Sakhipur Thana,Tangail,Tuesday,Winter
24-03-2018,Robbery,Joydebpur Thana,Gazipur,Saturday,Summer
10-03-2018,Gang rape,Sreenagar Thana,Munshiganj,Saturday,Summer
03-03-2018,Murder,Baliakandi Thana,Rajbari,Saturday,Summer
13-06-2017,Kidnap,Naria Thana,Shariatpur,Tuesday,Summer
28-12-2017,Murder,Araihazar Thana,Narayanganj,Thursday,Winter
26-03-2018,Violence Against Women,Madhabdi Thana,Narsingdi,Monday,Summer
01-10-2017,Murder,Savar Model Thana,Dhaka,Sunday,Rainy
25-01-2018,Murder,Madaripur Thana,Madaripur,Thursday,Winter
18-07-2017,Kidnap,Narsingdi Thana,Narsingdi,Tuesday,Rainy
04-10-2017,Murder,Bhairab Thana,Kishoreganj,Wednesday,Rainy
07-01-2018,Murder,Sreepur Thana,Gazipur,Sunday,Winter
18-08-2017,Murder,Joydebpur Thana,Gazipur,Friday,Rainy
05-11-2017,Gang rape,Joydebpur Thana,Gazipur,Sunday,Winter
06-10-2017,Gang rape,Kaliakair Thana,Gazipur,Friday,Rainy
15-01-2018,Murder,Alfadanga Thana,Faridpur,Monday,Winter
26-08-2017,Murder,Mithamain Thana,Kishoreganj,Saturday,Rainy
25-03-2018,Murder,Munshiganj Thana,Munshiganj,Sunday,Summer
26-11-2017,Violence Against Women,Kalukhali Thana,Rajbari,Sunday,Winter
26-04-2017,Murder,Kaliakair Thana,Gazipur,Wednesday,Summer
12-03-2018,Murder,Sonargaon Thana,Narayanganj,Monday,Summer
12-01-2018,Murder,Joydebpur Thana,Gazipur,Friday,Winter
22-09-2017,Robbery,Dhamrai Thana,Dhaka,Friday,Rainy
12-07-2017,Murder,Nawabganj Thana,Dhaka,Wednesday,Rainy
03-01-2018,Murder,Tongi Thana,Gazipur,Wednesday,Winter
11-01-2018,Murder,Joydebpur Thana,Gazipur,Thursday,Winter
22-09-2017,Murder,Bhanga Thana,Faridpur,Friday,Rainy
25-03-2018,Violence Against Women,Munshiganj Thana,Munshiganj,Sunday,Summer
16-12-2017,Murder,Tongi Thana,Gazipur,Saturday,Winter
07-10-2017,Murder,Narsingdi Thana,Narsingdi,Saturday,Rainy
15-10-2017,Murder,Ashulia Thana,Dhaka,Sunday,Rainy
07-10-2017,Murder,Joydebpur Thana,Gazipur,Saturday,Rainy
26-05-2017,Gang rape,Manikganj Thana,Manikganj,Friday,Summer
06-02-2018,Robbery,Kotwali Thana,Faridpur,Tuesday,Winter
28-08-2017,Murder,Dhamrai Thana,Dhaka,Monday,Rainy
29-11-2017,Gang rape,Siddhirganj Thana,Narayanganj,Wednesday,Winter
08-05-2017,Murder,Madhabdi Thana,Narsingdi,Monday,Summer
30-06-2017,Murder,Bhedarganj Thana,Shariatpur,Friday,Summer
10-05-2017,Murder,Raipura Thana,Narsingdi,Wednesday,Summer
25-09-2017,Murder,Kishoreganj Model Thana,Kishoreganj,Monday,Rainy
10-05-2017,Murder,Raipura Thana,Narsingdi,Wednesday,Summer
28-11-2017,Murder,Rajbari Thana,Rajbari,Tuesday,Winter
10-11-2017,Murder,Tongi Thana,Gazipur,Friday,Winter
24-01-2018,Murder,Sreepur Thana,Gazipur,Wednesday,Winter
01-06-2017,Murder,Tongi Thana,Gazipur,Thursday,Summer
11-01-2018,Murder,Sonargaon Thana,Narayanganj,Thursday,Winter
11-11-2017,Murder,Alfadanga Thana,Faridpur,Saturday,Winter
26-04-2017,Murder,Basail Thana,Tangail,Wednesday,Summer
17-01-2018,Murder,Belabo Thana,Narsingdi,Wednesday,Winter
27-05-2017,Murder,Rajoir Thana,Madaripur,Saturday,Summer
02-03-2018,Murder,Gopalpur Thana,Tangail,Friday,Summer
05-02-2018,Robbery,Ashulia Thana,Dhaka,Monday,Winter
13-02-2018,Murder,Fatullah Model Thana,Narayanganj,Tuesday,Winter
01-02-2018,Murder,Nawabganj Thana,Dhaka,Thursday,Winter
11-02-2018,Murder,Narsingdi Thana,Narsingdi,Sunday,Winter
11-07-2017,Murder,Sakhipur Thana,Tangail,Tuesday,Rainy
15-03-2018,Kidnap,Kaliakair Thana,Gazipur,Thursday,Summer
24-08-2017,Violence Against Women,Rajbari Thana,Rajbari,Thursday,Rainy
10-12-2017,Murder,Munshiganj Thana,Munshiganj,Sunday,Winter
26-06-2017,Robbery,Ghior Thana,Manikganj,Monday,Summer
10-11-2017,Murder,Ashulia Thana,Dhaka,Friday,Winter
08-07-2017,Violence Against Women,Kaliakair Thana,Gazipur,Saturday,Rainy
19-04-2017,Murder,Nawabganj Thana,Dhaka,Wednesday,Summer
22-08-2017,Murder,Fatullah Model Thana,Narayanganj,Tuesday,Rainy
17-05-2017,Murder,Ashulia Thana,Dhaka,Wednesday,Summer
03-04-2017,Robbery,Sonargaon Thana,Narayanganj,Monday,Summer
01-12-2017,Murder,Madhupur Thana,Tangail,Friday,Winter
25-05-2017,Murder,Tongi Thana,Gazipur,Thursday,Summer
27-09-2017,Robbery,Pangsha Model Thana,Rajbari,Wednesday,Rainy
01-04-2017,Murder,Tongi Thana,Gazipur,Saturday,Summer
08-04-2017,Gang rape,Kalihati Thana,Tangail,Saturday,Summer
05-06-2017,Violence Against Women,Narsingdi Model Thana,Narsingdi,Monday,Summer
09-10-2017,Violence Against Women,Saturia Thana,Manikganj,Monday,Rainy
04-02-2018,Violence Against Women,Zajira Thana,Shariatpur,Sunday,Winter
31-05-2017,Murder,Shibpur Model Thana,Narsingdi,Wednesday,Summer
08-01-2018,Murder,Shibpur Model Thana,Narsingdi,Monday,Winter
19-08-2017,Murder,Rupganj Thana,Narayanganj,Saturday,Rainy
31-05-2017,Robbery,Madhupur Thana,Tangail,Wednesday,Summer
01-11-2017,Murder,Joydebpur Thana,Gazipur,Wednesday,Winter
15-07-2017,Murder,Savar Model Thana,Dhaka,Saturday,Rainy
17-09-2017,Murder,Ashulia Thana,Dhaka,Sunday,Rainy
11-08-2017,Murder,Kaliakair Thana,Gazipur,Friday,Rainy
12-03-2018,Robbery,Madhabdi Thana,Narsingdi,Monday,Summer
08-10-2017,Violence Against Women,Rajoir Thana,Madaripur,Sunday,Rainy
28-10-2017,Murder,Araihazar Thana,Narayanganj,Saturday,Rainy
18-03-2018,Robbery,Tongi Thana,Gazipur,Sunday,Summer
29-03-2018,Murder,Sadarpur Thana,Faridpur,Thursday,Summer
03-03-2018,Gang rape,Kotalipara Thana,Gopalganj,Saturday,Summer
10-06-2017,Gang rape,Kaliakair Thana,Gazipur,Saturday,Summer
23-10-2017,Murder,Muksudpur Thana,Gopalganj,Monday,Rainy
21-06-2017,Murder,Sonargaon Thana,Narayanganj,Wednesday,Summer
20-11-2017,Murder,Fatullah Model Thana,Narayanganj,Monday,Winter
22-11-2017,Murder,Joydebpur Thana,Gazipur,Wednesday,Winter
02-07-2017,Gang rape,Rajoir Thana,Madaripur,Sunday,Rainy
25-09-2017,Robbery,Joydebpur Thana,Gazipur,Monday,Rainy
19-12-2017,Murder,Sirajdikhan Thana,Munshiganj,Tuesday,Winter
24-08-2017,Violence Against Women,Baliakandi Thana,Rajbari,Thursday,Rainy
19-06-2017,Violence Against Women,Bhairab Thana,Kishoreganj,Monday,Summer
16-07-2017,Murder,Kalkini Thana,Madaripur,Sunday,Rainy
22-05-2017,Murder,Kotwali Thana,Faridpur,Monday,Summer
10-08-2017,Murder,Kalihati Thana,Tangail,Thursday,Rainy
11-04-2017,Robbery,Rajbari Thana,Rajbari,Tuesday,Summer
23-04-2017,Murder,Raipura Thana,Narsingdi,Sunday,Summer
30-04-2017,Kidnap,Munshiganj Thana,Munshiganj,Sunday,Summer
22-01-2018,Murder,Dhamrai Thana,Dhaka,Monday,Winter
05-03-2018,Murder,Kashiani Thana,Gopalganj,Monday,Summer
25-06-2017,Murder,Rupganj Thana,Narayanganj,Sunday,Summer
06-03-2018,Murder,Raipura Thana,Narsingdi,Tuesday,Summer
05-10-2017,Murder,Nagarkanda Model Thana,Faridpur,Thursday,Rainy
24-04-2017,Murder,Rupganj Thana,Narayanganj,Monday,Summer
07-05-2017,Murder,Bhanga Thana,Faridpur,Sunday,Summer
03-11-2017,Violence Against Women,Fatullah Model Thana,Narayanganj,Friday,Winter
26-03-2018,Murder,Madhabdi Thana,Narsingdi,Monday,Summer
28-02-2018,Murder,Goalandaghat Thana,Rajbari,Wednesday,Winter
22-03-2018,Gang rape,Mithamain Thana,Kishoreganj,Thursday,Summer
07-07-2017,Gang rape,Bhanga Thana,Faridpur,Friday,Rainy
04-06-2017,Murder,Boalmari Thana,Faridpur,Sunday,Summer
24-08-2017,Murder,South Keraniganj Thana,Dhaka,Thursday,Rainy
24-02-2018,Violence Against Women,Kaliakair Thana,Gazipur,Saturday,Winter
17-11-2017,Robbery,Tangail Thana,Tangail,Friday,Winter
27-04-2017,Murder,Bondor Thana,Narayanganj,Thursday,Summer
10-08-2017,Kidnap,Savar Model Thana,Dhaka,Thursday,Rainy
01-12-2017,Violence Against Women,Rupganj Thana,Narayanganj,Friday,Winter
24-02-2018,Robbery,Kotwali Thana,Faridpur,Saturday,Winter
02-06-2017,Violence Against Women,Sonargaon Thana,Narayanganj,Friday,Summer
20-01-2018,Violence Against Women,Madhukhali Thana,Faridpur,Saturday,Winter
05-06-2017,Gang rape,Delduar Thana,Tangail,Monday,Summer
03-03-2018,Murder,Baliakandi Thana,Rajbari,Saturday,Summer
01-09-2017,Gang rape,Savar Model Thana,Dhaka,Friday,Rainy
22-05-2017,Kidnap,Tongi Thana,Gazipur,Monday,Summer
25-11-2017,Murder,Muksudpur Thana,Gopalganj,Saturday,Winter
11-12-2017,Murder,Kaliganj Thana,Gazipur,Monday,Winter
13-10-2017,Murder,Fatullah Model Thana,Narayanganj,Friday,Rainy
18-08-2017,Gang rape,Rupganj Thana,Narayanganj,Friday,Rainy
29-07-2017,Robbery,Gopalganj Thana,Gopalganj,Saturday,Rainy
09-11-2017,Murder,Ghior Thana,Manikganj,Thursday,Winter
18-09-2017,Murder,South Keraniganj Thana,Dhaka,Monday,Rainy
11-07-2017,Gang rape,Kaliakair Thana,Gazipur,Tuesday,Rainy
19-08-2017,Murder,Nawabganj Thana,Dhaka,Saturday,Rainy
26-10-2017,Robbery,Naria Thana,Shariatpur,Thursday,Rainy
27-02-2018,Murder,Nagarkanda Model Thana,Faridpur,Tuesday,Winter
11-10-2017,Murder,Savar Model Thana,Dhaka,Wednesday,Rainy
28-03-2018,Murder,Fatullah Model Thana,Narayanganj,Wednesday,Summer
30-11-2017,Murder,Rupganj Thana,Narayanganj,Thursday,Winter
29-06-2017,Murder,Bhairab Thana,Kishoreganj,Thursday,Summer
31-05-2017,Robbery,Madaripur Thana,Madaripur,Wednesday,Summer
05-02-2018,Kidnap,Bajitpur Thana,Kishoreganj,Monday,Winter
24-03-2018,Robbery,Boalmari Thana,Faridpur,Saturday,Summer
11-10-2017,Robbery,Bhanga Thana,Faridpur,Wednesday,Rainy
13-01-2018,Robbery,Kalihati Thana,Tangail,Saturday,Winter
12-10-2017,Kidnap,Madaripur Thana,Madaripur,Thursday,Rainy
14-03-2018,Murder,Munshiganj Thana,Munshiganj,Wednesday,Summer
19-05-2017,Murder,Madhabdi Thana,Narsingdi,Friday,Summer
21-05-2017,Robbery,Rajoir Thana,Madaripur,Sunday,Summer
10-04-2017,Murder,Shibpur Model Thana,Narsingdi,Monday,Summer
03-03-2018,Robbery,Tongi Thana,Gazipur,Saturday,Summer
25-07-2017,Murder,Muksudpur Thana,Gopalganj,Tuesday,Rainy
02-08-2017,Gang rape,Siddhirganj Thana,Narayanganj,Wednesday,Rainy
17-10-2017,Violence Against Women,Bhedarganj Thana,Shariatpur,Tuesday,Rainy
04-05-2017,Robbery,Madhabdi Thana,Narsingdi,Thursday,Summer
21-07-2017,Violence Against Women,Singair Thana,Manikganj,Friday,Rainy
25-10-2017,Robbery,Rajbari Thana,Rajbari,Wednesday,Rainy
15-10-2017,Murder,Kotwali Thana,Faridpur,Sunday,Rainy
14-05-2017,Murder,Nikli Thana,Kishoreganj,Sunday,Summer
18-06-2017,Robbery,Harirampur Thana,Manikganj,Sunday,Summer
31-05-2017,Robbery,Rajbari Thana,Rajbari,Wednesday,Summer
08-10-2017,Kidnap,Savar Model Thana,Dhaka,Sunday,Rainy
09-04-2017,Murder,Kuliarchar Thana,Kishoreganj,Sunday,Summer
13-05-2017,Murder,Kapasia Thana,Gazipur,Saturday,Summer
08-10-2017,Kidnap,Kashiani Thana,Gopalganj,Sunday,Rainy
26-09-2017,Murder,Joydebpur Thana,Gazipur,Tuesday,Rainy
05-12-2017,Murder,Gopalpur Thana,Tangail,Tuesday,Winter
28-02-2018,Murder,Joydebpur Thana,Gazipur,Wednesday,Winter
04-03-2018,Murder,Sirajdikhan Thana,Munshiganj,Sunday,Summer
13-01-2018,Murder,Kalkini Thana,Madaripur,Saturday,Winter
26-07-2017,Robbery,Siddhirganj Thana,Narayanganj,Wednesday,Rainy
20-06-2017,Kidnap,Bhuapur Thana,Tangail,Tuesday,Summer
17-11-2017,Murder,Bhuapur Thana,Tangail,Friday,Winter
18-12-2017,Murder,Bajitpur Thana,Kishoreganj,Monday,Winter
15-02-2018,Robbery,Kaliakair Thana,Gazipur,Thursday,Winter
02-05-2017,Murder,Monohardi Thana,Narsingdi,Tuesday,Summer
25-05-2017,Murder,Kishoreganj Model Thana,Kishoreganj,Thursday,Summer
20-12-2017,Robbery,Bhanga Thana,Faridpur,Wednesday,Winter
25-02-2018,Murder,Shibchar Thana,Madaripur,Sunday,Winter
20-03-2018,Violence Against Women,Palong Model Thana,Shariatpur,Tuesday,Summer
06-11-2017,Murder,Keraniganj Model Thana,Dhaka,Monday,Winter
04-01-2018,Murder,Keraniganj Model Thana,Dhaka,Thursday,Winter
02-06-2017,Gang rape,Ghior Thana,Manikganj,Friday,Summer
16-09-2017,Gang rape,Monohardi Thana,Narsingdi,Saturday,Rainy
20-09-2017,Murder,Madhabdi Thana,Narsingdi,Wednesday,Rainy
02-07-2017,Murder,Kishoreganj Model Thana,Kishoreganj,Sunday,Rainy
03-03-2018,Robbery,Gazaria Thana,Munshiganj,Saturday,Summer
21-10-2017,Murder,Araihazar Thana,Narayanganj,Saturday,Rainy
07-04-2017,Murder,Joydebpur Thana,Gazipur,Friday,Summer
02-09-2017,Robbery,South Keraniganj Thana,Dhaka,Saturday,Rainy
22-02-2018,Gang rape,Shibpur Model Thana,Narsingdi,Thursday,Winter
29-04-2017,Violence Against Women,Austagram Thana,Kishoreganj,Saturday,Summer
03-10-2017,Violence Against Women,Savar Model Thana,Dhaka,Tuesday,Rainy
18-12-2017,Kidnap,Kashiani Thana,Gopalganj,Monday,Winter
01-05-2017,Murder,Shibchar Thana,Madaripur,Monday,Summer
19-03-2018,Robbery,Sonargaon Thana,Narayanganj,Monday,Summer
16-06-2017,Murder,Araihazar Thana,Narayanganj,Friday,Summer
12-03-2018,Murder,Kaliakair Thana,Gazipur,Monday,Summer
20-06-2017,Kidnap,Bhuapur Thana,Tangail,Tuesday,Summer
01-09-2017,Robbery,Katiadi Model Thana,Kishoreganj,Friday,Rainy
19-08-2017,Robbery,Zajira Thana,Shariatpur,Saturday,Rainy
23-07-2017,Murder,Kapasia Thana,Gazipur,Sunday,Rainy
10-09-2017,Gang rape,Karimganj Thana,Kishoreganj,Sunday,Rainy
25-07-2017,Murder,Palong Model Thana,Shariatpur,Tuesday,Rainy
09-05-2017,Gang rape,Baliakandi Thana,Rajbari,Tuesday,Summer
18-07-2017,Violence Against Women,Tongi Thana,Gazipur,Tuesday,Rainy
19-10-2017,Murder,South Keraniganj Thana,Dhaka,Thursday,Rainy
29-07-2017,Kidnap,Madhabdi Thana,Narsingdi,Saturday,Rainy
17-11-2017,Robbery,Delduar Thana,Tangail,Friday,Winter
11-08-2017,Kidnap,Kalkini Thana,Madaripur,Friday,Rainy
02-06-2017,Murder,Dhanbari Thana,Tangail,Friday,Summer
13-11-2017,Robbery,Zajira Thana,Shariatpur,Monday,Winter
06-03-2018,Gang rape,Ashulia Thana,Dhaka,Tuesday,Summer
14-10-2017,Robbery,Joydebpur Thana,Gazipur,Saturday,Rainy
17-04-2017,Robbery,Keraniganj Model Thana,Dhaka,Monday,Summer
12-10-2017,Murder,Belabo Thana,Narsingdi,Thursday,Rainy
27-03-2018,Murder,Rupganj Thana,Narayanganj,Tuesday,Summer
23-08-2017,Murder,Ashulia Thana,Dhaka,Wednesday,Rainy
13-03-2018,Violence Against Women,Palong Model Thana,Shariatpur,Tuesday,Summer
19-10-2017,Gang rape,Kotalipara Thana,Gopalganj,Thursday,Rainy
29-10-2017,Violence Against Women,Ashulia Thana,Dhaka,Sunday,Rainy
01-09-2017,Murder,Katiadi Model Thana,Kishoreganj,Friday,Rainy
04-05-2017,Violence Against Women,Sonargaon Thana,Narayanganj,Thursday,Summer
27-11-2017,Violence Against Women,Muksudpur Thana,Gopalganj,Monday,Winter
30-06-2017,Murder,Kashiani Thana,Gopalganj,Friday,Summer
17-11-2017,Robbery,Bondor Thana,Narayanganj,Friday,Winter
06-01-2018,Murder,Fatullah Model Thana,Narayanganj,Saturday,Winter
03-05-2017,Gang rape,Joydebpur Thana,Gazipur,Wednesday,Summer
06-03-2018,Violence Against Women,Keraniganj Model Thana,Dhaka,Tuesday,Summer
22-09-2017,Gang rape,Rupganj Thana,Narayanganj,Friday,Rainy
18-06-2017,Violence Against Women,Rupganj Thana,Narayanganj,Sunday,Summer
28-01-2018,Murder,Muksudpur Thana,Gopalganj,Sunday,Winter
21-08-2017,Murder,Palash Thana,Narsingdi,Monday,Rainy
18-07-2017,Murder,Rajoir Thana,Madaripur,Tuesday,Rainy
04-11-2017,Murder,Munshiganj Thana,Munshiganj,Saturday,Winter
27-03-2018,Robbery,Narsingdi Thana,Narsingdi,Tuesday,Summer
17-03-2018,Murder,Munshiganj Thana,Munshiganj,Saturday,Summer
20-05-2017,Murder,South Keraniganj Thana,Dhaka,Saturday,Summer
15-04-2017,Murder,Joydebpur Thana,Gazipur,Saturday,Summer
19-10-2017,Murder,Joydebpur Thana,Gazipur,Thursday,Rainy
01-11-2017,Murder,Pakundia Thana,Kishoreganj,Wednesday,Winter
23-05-2017,Murder,Narayanganj Model Thana,Narayanganj,Tuesday,Summer
11-06-2017,Murder,Madaripur Thana,Madaripur,Sunday,Summer
18-03-2018,Robbery,Tongi Thana,Gazipur,Sunday,Summer
04-07-2017,Murder,Joydebpur Thana,Gazipur,Tuesday,Rainy
26-11-2017,Robbery,Sonargaon Thana,Narayanganj,Sunday,Winter
29-06-2017,Murder,Kotwali Thana,Faridpur,Thursday,Summer
02-10-2017,Murder,Bhairab Thana,Kishoreganj,Monday,Rainy
04-11-2017,Murder,Kaliganj Thana,Gazipur,Saturday,Winter
08-03-2018,Murder,Kotwali Thana,Faridpur,Thursday,Summer
17-07-2017,Robbery,Nagarkanda Model Thana,Faridpur,Monday,Rainy
20-03-2018,Violence Against Women,Bondor Thana,Narayanganj,Tuesday,Summer
15-01-2018,Murder,Araihazar Thana,Narayanganj,Monday,Winter
22-07-2017,Violence Against Women,Sonargaon Thana,Narayanganj,Saturday,Rainy
07-05-2017,Robbery,Joydebpur Thana,Gazipur,Sunday,Summer
01-11-2017,Robbery,Sakhipur Thana,Tangail,Wednesday,Winter
24-07-2017,Kidnap,Narayanganj Model Thana,Narayanganj,Monday,Rainy
27-10-2017,Murder,Belabo Thana,Narsingdi,Friday,Rainy
08-02-2018,Robbery,Ashulia Thana,Dhaka,Thursday,Winter
14-03-2018,Kidnap,Munshiganj Thana,Munshiganj,Wednesday,Summer
05-10-2017,Murder,Savar Model Thana,Dhaka,Thursday,Rainy
25-11-2017,Violence Against Women,Madhabdi Thana,Narsingdi,Saturday,Winter
16-11-2017,Robbery,Sirajdikhan Thana,Munshiganj,Thursday,Winter
16-01-2018,Murder,Belabo Thana,Narsingdi,Tuesday,Winter
09-03-2018,Murder,Ashulia Thana,Dhaka,Friday,Summer
08-02-2018,Violence Against Women,Madaripur Thana,Madaripur,Thursday,Winter
03-01-2018,Murder,Muksudpur Thana,Gopalganj,Wednesday,Winter
06-09-2017,Murder,Singair Thana,Manikganj,Wednesday,Rainy
18-06-2017,Murder,Sakhipur Thana,Tangail,Sunday,Summer
12-10-2017,Murder,Alfadanga Thana,Faridpur,Thursday,Rainy
05-03-2018,Robbery,Narayanganj Model Thana,Narayanganj,Monday,Summer
17-02-2018,Murder,Fatullah Model Thana,Narayanganj,Saturday,Winter
17-04-2017,Kidnap,Palong Model Thana,Shariatpur,Monday,Summer
08-09-2017,Violence Against Women,Shibchar Thana,Madaripur,Friday,Rainy
08-09-2017,Murder,Rajbari Thana,Rajbari,Friday,Rainy
03-09-2017,Murder,Savar Model Thana,Dhaka,Sunday,Rainy
29-11-2017,Murder,Madhabdi Thana,Narsingdi,Wednesday,Winter
17-11-2017,Murder,South Keraniganj Thana,Dhaka,Friday,Winter
21-02-2018,Violence Against Women,Savar Model Thana,Dhaka,Wednesday,Winter
13-01-2018,Gang rape,Ashulia Thana,Dhaka,Saturday,Winter
14-07-2017,Murder,Palong Model Thana,Shariatpur,Friday,Rainy
15-03-2018,Violence Against Women,Karimganj Thana,Kishoreganj,Thursday,Summer
28-03-2018,Kidnap,Gopalganj Thana,Gopalganj,Wednesday,Summer
24-01-2018,Murder,Bajitpur Thana,Kishoreganj,Wednesday,Winter
23-04-2017,Murder,Hossainpur Thana,Kishoreganj,Sunday,Summer
03-11-2017,Robbery,Nagarkanda Model Thana,Faridpur,Friday,Winter
19-07-2017,Violence Against Women,Sonargaon Thana,Narayanganj,Wednesday,Rainy
19-10-2017,Murder,Sonargaon Thana,Narayanganj,Thursday,Rainy
12-02-2018,Robbery,Tongibari Thana,Munshiganj,Monday,Winter
21-12-2017,Violence Against Women,Goalandaghat Thana,Rajbari,Thursday,Winter
17-06-2017,Murder,Sirajdikhan Thana,Munshiganj,Saturday,Summer
11-03-2018,Murder,Joydebpur Thana,Gazipur,Sunday,Summer
09-12-2017,Murder,Hossainpur Thana,Kishoreganj,Saturday,Winter
20-09-2017,Kidnap,Kalihati Thana,Tangail,Wednesday,Rainy
09-09-2017,Murder,South Keraniganj Thana,Dhaka,Saturday,Rainy
08-06-2017,Gang rape,Kotalipara Thana,Gopalganj,Thursday,Summer
29-01-2018,Robbery,Savar Model Thana,Dhaka,Monday,Winter
21-04-2017,Murder,Kaliakair Thana,Gazipur,Friday,Summer
17-09-2017,Violence Against Women,Baliakandi Thana,Rajbari,Sunday,Rainy
04-09-2017,Violence Against Women,Sreepur Thana,Gazipur,Monday,Rainy
24-04-2017,Murder,Kotwali Thana,Faridpur,Monday,Summer
11-10-2017,Robbery,Naria Thana,Shariatpur,Wednesday,Rainy
05-11-2017,Murder,Keraniganj Model Thana,Dhaka,Sunday,Winter
04-05-2017,Murder,Nagarpur Thana,Tangail,Thursday,Summer
08-06-2017,Murder,Goalandaghat Thana,Rajbari,Thursday,Summer
01-01-2018,Murder,Ashulia Thana,Dhaka,Monday,Winter
13-06-2017,Violence Against Women,Madaripur Thana,Madaripur,Tuesday,Summer
05-07-2017,Kidnap,Narsingdi Thana,Narsingdi,Wednesday,Rainy
26-07-2017,Murder,Savar Model Thana,Dhaka,Wednesday,Rainy
25-12-2017,Murder,Kaliakair Thana,Gazipur,Monday,Winter
19-01-2018,Murder,Munshiganj Thana,Munshiganj,Friday,Winter
03-11-2017,Robbery,Ashulia Thana,Dhaka,Friday,Winter
28-01-2018,Violence Against Women,Madhabdi Thana,Narsingdi,Sunday,Winter
25-04-2017,Murder,Sonargaon Thana,Narayanganj,Tuesday,Summer
07-07-2017,Gang rape,Kapasia Thana,Gazipur,Friday,Rainy
18-08-2017,Murder,Rupganj Thana,Narayanganj,Friday,Rainy
23-06-2017,Murder,Kaliakair Thana,Gazipur,Friday,Summer
09-04-2017,Murder,Madhukhali Thana,Faridpur,Sunday,Summer
01-02-2018,Murder,Sonargaon Thana,Narayanganj,Thursday,Winter
21-08-2017,Murder,Boalmari Thana,Faridpur,Monday,Rainy
30-12-2017,Murder,Joydebpur Thana,Gazipur,Saturday,Winter
13-12-2017,Violence Against Women,Fatullah Model Thana,Narayanganj,Wednesday,Winter
11-11-2017,Violence Against Women,Bhairab Thana,Kishoreganj,Saturday,Winter
09-07-2017,Murder,Bondor Thana,Narayanganj,Sunday,Rainy
29-07-2017,Murder,South Keraniganj Thana,Dhaka,Saturday,Rainy
17-07-2017,Gang rape,Gopalganj Thana,Gopalganj,Monday,Rainy
25-12-2017,Robbery,Mirzapur Thana,Tangail,Monday,Winter
11-06-2017,Murder,Narsingdi Model Thana,Narsingdi,Sunday,Summer
12-07-2017,Robbery,Joydebpur Thana,Gazipur,Wednesday,Rainy
01-08-2017,Robbery,Manikganj Thana,Manikganj,Tuesday,Rainy
25-02-2018,Violence Against Women,Narsingdi Thana,Narsingdi,Sunday,Winter
10-09-2017,Murder,Tongibari Thana,Munshiganj,Sunday,Rainy
28-02-2018,Gang rape,Gopalganj Thana,Gopalganj,Wednesday,Winter
05-09-2017,Gang rape,Kaliakair Thana,Gazipur,Tuesday,Rainy
22-07-2017,Robbery,Kaliakair Thana,Gazipur,Saturday,Rainy
11-02-2018,Robbery,Kaliakair Thana,Gazipur,Sunday,Winter
17-08-2017,Murder,Shibpur Model Thana,Narsingdi,Thursday,Rainy
21-01-2018,Murder,Gopalganj Thana,Gopalganj,Sunday,Winter
09-09-2017,Murder,Fatullah Model Thana,Narayanganj,Saturday,Rainy
20-02-2018,Violence Against Women,Bondor Thana,Narayanganj,Tuesday,Winter
18-02-2018,Violence Against Women,Palong Model Thana,Shariatpur,Sunday,Winter
09-06-2017,Murder,Savar Model Thana,Dhaka,Friday,Summer
09-11-2017,Murder,Sadarpur Thana,Faridpur,Thursday,Winter
30-06-2017,Gang rape,Ashulia Thana,Dhaka,Friday,Summer
15-07-2017,Murder,South Keraniganj Thana,Dhaka,Saturday,Rainy
15-07-2017,Kidnap,Tongi Thana,Gazipur,Saturday,Rainy
29-07-2017,Robbery,Saturia Thana,Manikganj,Saturday,Rainy
19-06-2017,Violence Against Women,South Keraniganj Thana,Dhaka,Monday,Summer
27-01-2018,Murder,Kaliakair Thana,Gazipur,Saturday,Winter
30-08-2017,Murder,Boalmari Thana,Faridpur,Wednesday,Rainy
29-05-2017,Murder,Saltha Thana,Faridpur,Monday,Summer
23-05-2017,Murder,Narsingdi Model Thana,Narsingdi,Tuesday,Summer
01-01-2018,Violence Against Women,Dasar Thana,Madaripur,Monday,Winter
26-05-2017,Gang rape,Dhamrai Thana,Dhaka,Friday,Summer
11-02-2018,Murder,Rupganj Thana,Narayanganj,Sunday,Winter
05-12-2017,Kidnap,Kotwali Thana,Faridpur,Tuesday,Winter
29-10-2017,Murder,Joydebpur Thana,Gazipur,Sunday,Rainy
20-02-2018,Murder,Bondor Thana,Narayanganj,Tuesday,Winter
21-09-2017,Violence Against Women,Rupganj Thana,Narayanganj,Thursday,Rainy
19-07-2017,Murder,Joydebpur Thana,Gazipur,Wednesday,Rainy
20-07-2017,Kidnap,Rajoir Thana,Madaripur,Thursday,Rainy
11-11-2017,Murder,Kotwali Thana,Faridpur,Saturday,Winter
02-11-2017,Murder,Kotwali Thana,Faridpur,Thursday,Winter
25-01-2018,Kidnap,Sreenagar Thana,Munshiganj,Thursday,Winter
03-03-2018,Robbery,Tongi Thana,Gazipur,Saturday,Summer
17-01-2018,Murder,Bondor Thana,Narayanganj,Wednesday,Winter
25-09-2017,Murder,Sreepur Thana,Gazipur,Monday,Rainy
02-01-2018,Murder,Kishoreganj Model Thana,Kishoreganj,Tuesday,Winter
22-03-2018,Murder,Louhajong Thana,Munshiganj,Thursday,Summer
24-05-2017,Robbery,Karimganj Thana,Kishoreganj,Wednesday,Summer
09-05-2017,Murder,Tongi Thana,Gazipur,Tuesday,Summer
19-12-2017,Murder,Raipura Thana,Narsingdi,Tuesday,Winter
14-06-2017,Murder,Kapasia Thana,Gazipur,Wednesday,Summer
07-11-2017,Murder,Tongi Thana,Gazipur,Tuesday,Winter
18-06-2017,Robbery,Narsingdi Thana,Narsingdi,Sunday,Summer
21-03-2018,Murder,Ashulia Thana,Dhaka,Wednesday,Summer
12-02-2018,Murder,Tongibari Thana,Munshiganj,Monday,Winter
01-09-2017,Murder,Joydebpur Thana,Gazipur,Friday,Rainy
07-01-2018,Murder,Dhamrai Thana,Dhaka,Sunday,Winter
23-12-2017,Robbery,Narsingdi Thana,Narsingdi,Saturday,Winter
22-09-2017,Violence Against Women,Keraniganj Model Thana,Dhaka,Friday,Rainy
24-12-2017,Murder,Sreepur Thana,Gazipur,Sunday,Winter
20-02-2018,Murder,Siddhirganj Thana,Narayanganj,Tuesday,Winter
01-12-2017,Murder,Goshairhat Thana,Shariatpur,Friday,Winter
19-05-2017,Murder,Shibchar Thana,Madaripur,Friday,Summer
29-05-2017,Violence Against Women,Bondor Thana,Narayanganj,Monday,Summer
17-01-2018,Robbery,Bondor Thana,Narayanganj,Wednesday,Winter
16-11-2017,Robbery,Saturia Thana,Manikganj,Thursday,Winter
06-12-2017,Murder,Savar Model Thana,Dhaka,Wednesday,Winter
12-10-2017,Murder,Joydebpur Thana,Gazipur,Thursday,Rainy
10-02-2018,Violence Against Women,Ashulia Thana,Dhaka,Saturday,Winter
24-09-2017,Murder,Narsingdi Thana,Narsingdi,Sunday,Rainy
23-08-2017,Murder,Sakhipur Thana,Tangail,Wednesday,Rainy
01-02-2018,Murder,Rupganj Thana,Narayanganj,Thursday,Winter
02-04-2017,Murder,Singair Thana,Manikganj,Sunday,Summer
27-05-2017,Murder,Kashiani Thana,Gopalganj,Saturday,Summer
14-01-2018,Murder,Bhairab Thana,Kishoreganj,Sunday,Winter
03-10-2017,Murder,Baliakandi Thana,Rajbari,Tuesday,Rainy
01-05-2017,Robbery,Madhukhali Thana,Faridpur,Monday,Summer
20-01-2018,Murder,Dohar Thana,Dhaka,Saturday,Winter
03-09-2017,Murder,Joydebpur Thana,Gazipur,Sunday,Rainy
23-02-2018,Kidnap,Singair Thana,Manikganj,Friday,Winter
09-12-2017,Murder,Austagram Thana,Kishoreganj,Saturday,Winter
18-04-2017,Kidnap,Nawabganj Thana,Dhaka,Tuesday,Summer
25-07-2017,Robbery,Monohardi Thana,Narsingdi,Tuesday,Rainy
16-08-2017,Murder,Monohardi Thana,Narsingdi,Wednesday,Rainy
22-09-2017,Murder,Munshiganj Thana,Munshiganj,Friday,Rainy
08-11-2017,Murder,Savar Model Thana,Dhaka,Wednesday,Winter
12-10-2017,Kidnap,Tongi Thana,Gazipur,Thursday,Rainy
07-04-2017,Murder,Palash Thana,Narsingdi,Friday,Summer
14-09-2017,Violence Against Women,Zajira Thana,Shariatpur,Thursday,Rainy
01-03-2018,Murder,Goshairhat Thana,Shariatpur,Thursday,Summer
01-08-2017,Murder,Savar Model Thana,Dhaka,Tuesday,Rainy
28-02-2018,Violence Against Women,Goalandaghat Thana,Rajbari,Wednesday,Winter
05-02-2018,Murder,Kotwali Thana,Faridpur,Monday,Winter
15-07-2017,Violence Against Women,Hossainpur Thana,Kishoreganj,Saturday,Rainy
26-12-2017,Kidnap,Savar Model Thana,Dhaka,Tuesday,Winter
13-03-2018,Murder,Rajbari Thana,Rajbari,Tuesday,Summer
31-05-2017,Murder,Madhabdi Thana,Narsingdi,Wednesday,Summer
13-02-2018,Robbery,Ashulia Thana,Dhaka,Tuesday,Winter
18-01-2018,Murder,Tongi Thana,Gazipur,Thursday,Winter
14-03-2018,Murder,Siddhirganj Thana,Narayanganj,Wednesday,Summer
04-01-2018,Murder,Pangsha Model Thana,Rajbari,Thursday,Winter
14-04-2017,Murder,Keraniganj Model Thana,Dhaka,Friday,Summer
04-07-2017,Robbery,Kotwali Thana,Faridpur,Tuesday,Rainy
30-09-2017,Murder,Palash Thana,Narsingdi,Saturday,Rainy
23-02-2018,Murder,Rupganj Thana,Narayanganj,Friday,Winter
12-10-2017,Murder,Mirzapur Thana,Tangail,Thursday,Rainy
15-07-2017,Murder,Shibchar Thana,Madaripur,Saturday,Rainy
21-12-2017,Robbery,Keraniganj Model Thana,Dhaka,Thursday,Winter
04-05-2017,Violence Against Women,Katiadi Model Thana,Kishoreganj,Thursday,Summer
07-01-2018,Gang rape,Rupganj Thana,Narayanganj,Sunday,Winter
26-08-2017,Murder,Ghatail Thana,Tangail,Saturday,Rainy
01-12-2017,Gang rape,Kaliakair Thana,Gazipur,Friday,Winter
21-05-2017,Murder,Fatullah Model Thana,Narayanganj,Sunday,Summer
13-03-2018,Murder,Palong Model Thana,Shariatpur,Tuesday,Summer
04-06-2017,Murder,Nagarpur Thana,Tangail,Sunday,Summer
02-02-2018,Murder,Tongi Thana,Gazipur,Friday,Winter
09-05-2017,Murder,Siddhirganj Thana,Narayanganj,Tuesday,Summer
02-06-2017,Murder,Saltha Thana,Faridpur,Friday,Summer
24-05-2017,Kidnap,Raipura Thana,Narsingdi,Wednesday,Summer
04-05-2017,Kidnap,Kalkini Thana,Madaripur,Thursday,Summer
02-11-2017,Murder,South Keraniganj Thana,Dhaka,Thursday,Winter
06-12-2017,Murder,Rajoir Thana,Madaripur,Wednesday,Winter
02-08-2017,Violence Against Women,Sreepur Thana,Gazipur,Wednesday,Rainy
07-06-2017,Kidnap,Kalkini Thana,Madaripur,Wednesday,Summer
05-11-2017,Murder,Narayanganj Model Thana,Narayanganj,Sunday,Winter
04-08-2017,Murder,Joydebpur Thana,Gazipur,Friday,Rainy
03-07-2017,Murder,Tongi Thana,Gazipur,Monday,Rainy
14-10-2017,Murder,Kapasia Thana,Gazipur,Saturday,Rainy
28-12-2017,Murder,Rupganj Thana,Narayanganj,Thursday,Winter
13-04-2017,Murder,Manikganj Thana,Manikganj,Thursday,Summer
15-06-2017,Gang rape,Saturia Thana,Manikganj,Thursday,Summer
14-06-2017,Robbery,Madhukhali Thana,Faridpur,Wednesday,Summer
01-05-2017,Kidnap,Narsingdi Model Thana,Narsingdi,Monday,Summer
18-08-2017,Robbery,Savar Model Thana,Dhaka,Friday,Rainy
28-07-2017,Murder,Ashulia Thana,Dhaka,Friday,Rainy
23-05-2017,Murder,Araihazar Thana,Narayanganj,Tuesday,Summer
19-03-2018,Murder,South Keraniganj Thana,Dhaka,Monday,Summer
25-09-2017,Murder,Monohardi Thana,Narsingdi,Monday,Rainy
18-08-2017,Kidnap,Tangail Thana,Tangail,Friday,Rainy
01-10-2017,Violence Against Women,Sonargaon Thana,Narayanganj,Sunday,Rainy
09-02-2018,Murder,Tongibari Thana,Munshiganj,Friday,Winter
27-01-2018,Robbery,Narsingdi Thana,Narsingdi,Saturday,Winter
03-03-2018,Murder,Boalmari Thana,Faridpur,Saturday,Summer
24-03-2018,Murder,Savar Model Thana,Dhaka,Saturday,Summer
23-12-2017,Robbery,Araihazar Thana,Narayanganj,Saturday,Winter
22-05-2017,Robbery,Kapasia Thana,Gazipur,Monday,Summer
07-01-2018,Murder,Munshiganj Thana,Munshiganj,Sunday,Winter
07-12-2017,Murder,Dhamrai Thana,Dhaka,Thursday,Winter
05-05-2017,Gang rape,Fatullah Model Thana,Narayanganj,Friday,Summer
02-10-2017,Robbery,Singair Thana,Manikganj,Monday,Rainy
17-03-2018,Murder,Pangsha Model Thana,Rajbari,Saturday,Summer
01-10-2017,Murder,Delduar Thana,Tangail,Sunday,Rainy
02-10-2017,Gang rape,Rupganj Thana,Narayanganj,Monday,Rainy
04-03-2018,Murder,Raipura Thana,Narsingdi,Sunday,Summer
23-08-2017,Murder,Shibchar Thana,Madaripur,Wednesday,Rainy
09-01-2018,Murder,Madhupur Thana,Tangail,Tuesday,Winter
23-07-2017,Gang rape,Narayanganj Model Thana,Narayanganj,Sunday,Rainy
02-10-2017,Robbery,Bhairab Thana,Kishoreganj,Monday,Rainy
11-02-2018,Murder,Keraniganj Model Thana,Dhaka,Sunday,Winter
23-06-2017,Violence Against Women,Kuliarchar Thana,Kishoreganj,Friday,Summer
11-12-2017,Murder,Kaliganj Thana,Gazipur,Monday,Winter
29-01-2018,Murder,Ashulia Thana,Dhaka,Monday,Winter
26-05-2017,Murder,Shibpur Model Thana,Narsingdi,Friday,Summer
14-03-2018,Murder,Kalkini Thana,Madaripur,Wednesday,Summer
02-11-2017,Murder,Kalihati Thana,Tangail,Thursday,Winter
21-03-2018,Gang rape,Narsingdi Thana,Narsingdi,Wednesday,Summer
18-06-2017,Murder,Mithamain Thana,Kishoreganj,Sunday,Summer
04-08-2017,Murder,Siddhirganj Thana,Narayanganj,Friday,Rainy
04-02-2018,Murder,Bhairab Thana,Kishoreganj,Sunday,Winter
29-05-2017,Murder,Daulatpur Thana,Manikganj,Monday,Summer
02-11-2017,Robbery,Siddhirganj Thana,Narayanganj,Thursday,Winter
02-01-2018,Murder,Keraniganj Model Thana,Dhaka,Tuesday,Winter
08-11-2017,Murder,Singair Thana,Manikganj,Wednesday,Winter
11-05-2017,Murder,Kotwali Thana,Faridpur,Thursday,Summer
21-02-2018,Murder,Savar Model Thana,Dhaka,Wednesday,Winter
13-05-2017,Murder,Ashulia Thana,Dhaka,Saturday,Summer
09-04-2017,Murder,Manikganj Thana,Manikganj,Sunday,Summer
05-02-2018,Murder,Kapasia Thana,Gazipur,Monday,Winter
23-07-2017,Murder,Saltha Thana,Faridpur,Sunday,Rainy
08-09-2017,Murder,Ghior Thana,Manikganj,Friday,Rainy
27-09-2017,Murder,Kuliarchar Thana,Kishoreganj,Wednesday,Rainy
07-02-2018,Robbery,Gazaria Thana,Munshiganj,Wednesday,Winter
02-03-2018,Murder,Sonargaon Thana,Narayanganj,Friday,Summer
03-06-2017,Murder,Raipura Thana,Narsingdi,Saturday,Summer
11-09-2017,Robbery,Joydebpur Thana,Gazipur,Monday,Rainy
14-10-2017,Murder,Joydebpur Thana,Gazipur,Saturday,Rainy
21-03-2018,Murder,Madhabdi Thana,Narsingdi,Wednesday,Summer
18-05-2017,Murder,Kapasia Thana,Gazipur,Thursday,Summer
29-01-2018,Murder,Joydebpur Thana,Gazipur,Monday,Winter
05-02-2018,Robbery,Ashulia Thana,Dhaka,Monday,Winter
18-08-2017,Murder,Katiadi Model Thana,Kishoreganj,Friday,Rainy
25-07-2017,Murder,Gopalganj Thana,Gopalganj,Tuesday,Rainy
24-09-2017,Murder,Muksudpur Thana,Gopalganj,Sunday,Rainy
30-07-2017,Robbery,Kaliakair Thana,Gazipur,Sunday,Rainy
27-05-2017,Murder,Rupganj Thana,Narayanganj,Saturday,Summer
16-11-2017,Robbery,Manikganj Thana,Manikganj,Thursday,Winter
28-03-2018,Murder,Shibpur Model Thana,Narsingdi,Wednesday,Summer
15-03-2018,Violence Against Women,Narsingdi Thana,Narsingdi,Thursday,Summer
27-10-2017,Robbery,Tangail Thana,Tangail,Friday,Rainy
21-03-2018,Murder,Nagarpur Thana,Tangail,Wednesday,Summer
14-03-2018,Murder,Kashiani Thana,Gopalganj,Wednesday,Summer
12-11-2017,Murder,South Keraniganj Thana,Dhaka,Sunday,Winter
27-01-2018,Murder,Siddhirganj Thana,Narayanganj,Saturday,Winter
31-01-2018,Violence Against Women,Raipura Thana,Narsingdi,Wednesday,Winter
24-04-2017,Murder,South Keraniganj Thana,Dhaka,Monday,Summer
20-09-2017,Robbery,Joydebpur Thana,Gazipur,Wednesday,Rainy
09-07-2017,Murder,Tangail Thana,Tangail,Sunday,Rainy
03-03-2018,Murder,Bangabandhu Setu East Thana,Tangail,Saturday,Summer
24-04-2017,Murder,Goshairhat Thana,Shariatpur,Monday,Summer
21-03-2018,Murder,Savar Model Thana,Dhaka,Wednesday,Summer
16-04-2017,Murder,Rajoir Thana,Madaripur,Sunday,Summer
09-09-2017,Murder,Mithamain Thana,Kishoreganj,Saturday,Rainy
17-10-2017,Murder,Raipura Thana,Narsingdi,Tuesday,Rainy
27-10-2017,Murder,Alfadanga Thana,Faridpur,Friday,Rainy
12-07-2017,Murder,Kotalipara Thana,Gopalganj,Wednesday,Rainy
19-06-2017,Kidnap,Shibchar Thana,Madaripur,Monday,Summer
14-06-2017,Murder,Palong Model Thana,Shariatpur,Wednesday,Summer
27-06-2017,Murder,Kishoreganj Model Thana,Kishoreganj,Tuesday,Summer
27-08-2017,Robbery,Katiadi Model Thana,Kishoreganj,Sunday,Rainy
24-02-2018,Murder,Narsingdi Thana,Narsingdi,Saturday,Winter
10-02-2018,Murder,Ashulia Thana,Dhaka,Saturday,Winter
23-07-2017,Gang rape,Fatullah Model Thana,Narayanganj,Sunday,Rainy
25-01-2018,Murder,Madhabdi Thana,Narsingdi,Thursday,Winter
06-10-2017,Murder,Madaripur Thana,Madaripur,Friday,Rainy
11-05-2017,Murder,Nikli Thana,Kishoreganj,Thursday,Summer
18-06-2017,Violence Against Women,Shibpur Model Thana,Narsingdi,Sunday,Summer
15-03-2018,Murder,Madaripur Thana,Madaripur,Thursday,Summer
17-10-2017,Robbery,Boalmari Thana,Faridpur,Tuesday,Rainy
03-02-2018,Murder,Munshiganj Thana,Munshiganj,Saturday,Winter
22-10-2017,Murder,Manikganj Thana,Manikganj,Sunday,Rainy
01-11-2017,Murder,Narsingdi Thana,Narsingdi,Wednesday,Winter
18-12-2017,Murder,Pangsha Model Thana,Rajbari,Monday,Winter
23-03-2018,Violence Against Women,Palong Model Thana,Shariatpur,Friday,Summer
21-12-2017,Robbery,Ghatail Thana,Tangail,Thursday,Winter
02-06-2017,Robbery,Tarail Thana,Kishoreganj,Friday,Summer
23-05-2017,Murder,Muksudpur Thana,Gopalganj,Tuesday,Summer
14-09-2017,Murder,Kaliakair Thana,Gazipur,Thursday,Rainy
13-08-2017,Murder,Naria Thana,Shariatpur,Sunday,Rainy
26-09-2017,Robbery,Kuliarchar Thana,Kishoreganj,Tuesday,Rainy
26-02-2018,Murder,Raipura Thana,Narsingdi,Monday,Winter
23-07-2017,Murder,Sakhipur Thana,Tangail,Sunday,Rainy
25-12-2017,Murder,Keraniganj Model Thana,Dhaka,Monday,Winter
04-03-2018,Robbery,Joydebpur Thana,Gazipur,Sunday,Summer
23-04-2017,Murder,Raipura Thana,Narsingdi,Sunday,Summer
01-02-2018,Murder,Kotwali Thana,Faridpur,Thursday,Winter
08-03-2018,Murder,Kotwali Thana,Faridpur,Thursday,Summer
18-10-2017,Murder,Ghatail Thana,Tangail,Wednesday,Rainy
06-01-2018,Murder,Raipura Thana,Narsingdi,Saturday,Winter
26-11-2017,Murder,Tongi Thana,Gazipur,Sunday,Winter
14-09-2017,Gang rape,Kotwali Thana,Faridpur,Thursday,Rainy
06-01-2018,Violence Against Women,Saltha Thana,Faridpur,Saturday,Winter
02-02-2018,Murder,Tongi Thana,Gazipur,Friday,Winter
07-10-2017,Kidnap,South Keraniganj Thana,Dhaka,Saturday,Rainy
14-03-2018,Robbery,Madaripur Thana,Madaripur,Wednesday,Summer
05-12-2017,Murder,Keraniganj Model Thana,Dhaka,Tuesday,Winter
20-10-2017,Murder,Joydebpur Thana,Gazipur,Friday,Rainy
24-10-2017,Murder,Kalihati Thana,Tangail,Tuesday,Rainy
16-04-2017,Murder,Rupganj Thana,Narayanganj,Sunday,Summer
07-10-2017,Murder,South Keraniganj Thana,Dhaka,Saturday,Rainy
06-09-2017,Murder,Kotwali Thana,Faridpur,Wednesday,Rainy
02-10-2017,Robbery,Kaliganj Thana,Gazipur,Monday,Rainy
16-10-2017,Murder,Joydebpur Thana,Gazipur,Monday,Rainy
22-03-2018,Murder,Joydebpur Thana,Gazipur,Thursday,Summer
13-03-2018,Murder,Shibpur Model Thana,Narsingdi,Tuesday,Summer
14-05-2017,Kidnap,South Keraniganj Thana,Dhaka,Sunday,Summer
07-03-2018,Murder,Katiadi Model Thana,Kishoreganj,Wednesday,Summer
07-01-2018,Murder,Delduar Thana,Tangail,Sunday,Winter
04-05-2017,Robbery,Ashulia Thana,Dhaka,Thursday,Summer
08-11-2017,Violence Against Women,Madhukhali Thana,Faridpur,Wednesday,Winter
29-04-2017,Murder,Nagarpur Thana,Tangail,Saturday,Summer
11-04-2017,Murder,Joydebpur Thana,Gazipur,Tuesday,Summer
01-09-2017,Murder,Bhairab Thana,Kishoreganj,Friday,Rainy
06-04-2017,Murder,Fatullah Model Thana,Narayanganj,Thursday,Summer
27-04-2017,Gang rape,Joydebpur Thana,Gazipur,Thursday,Summer
24-09-2017,Murder,Fatullah Model Thana,Narayanganj,Sunday,Rainy
18-04-2017,Murder,Ashulia Thana,Dhaka,Tuesday,Summer
07-06-2017,Murder,Araihazar Thana,Narayanganj,Wednesday,Summer
07-08-2017,Murder,Raipura Thana,Narsingdi,Monday,Rainy
11-03-2018,Murder,Pangsha Model Thana,Rajbari,Sunday,Summer
23-10-2017,Violence Against Women,Fatullah Model Thana,Narayanganj,Monday,Rainy
06-08-2017,Murder,Sadarpur Thana,Faridpur,Sunday,Rainy
21-12-2017,Violence Against Women,Fatullah Model Thana,Narayanganj,Thursday,Winter
09-05-2017,Robbery,Narsingdi Thana,Narsingdi,Tuesday,Summer
08-10-2017,Murder,Monohardi Thana,Narsingdi,Sunday,Rainy
07-09-2017,Murder,Naria Thana,Shariatpur,Thursday,Rainy
25-10-2017,Murder,South Keraniganj Thana,Dhaka,Wednesday,Rainy
22-10-2017,Gang rape,Katiadi Model Thana,Kishoreganj,Sunday,Rainy
23-11-2017,Robbery,Ashulia Thana,Dhaka,Thursday,Winter
02-01-2018,Murder,Belabo Thana,Narsingdi,Tuesday,Winter
04-02-2018,Violence Against Women,Muksudpur Thana,Gopalganj,Sunday,Winter
16-07-2017,Murder,Joydebpur Thana,Gazipur,Sunday,Rainy
31-10-2017,Murder,Pakundia Thana,Kishoreganj,Tuesday,Rainy
05-03-2018,Murder,Sreepur Thana,Gazipur,Monday,Summer
06-05-2017,Murder,Savar Model Thana,Dhaka,Saturday,Summer
25-05-2017,Murder,Kotwali Thana,Faridpur,Thursday,Summer
20-04-2017,Murder,Ghatail Thana,Tangail,Thursday,Summer
11-08-2017,Robbery,Savar Model Thana,Dhaka,Friday,Rainy
29-11-2017,Murder,Savar Model Thana,Dhaka,Wednesday,Winter
15-11-2017,Murder,Bhanga Thana,Faridpur,Wednesday,Winter
04-08-2017,Murder,South Keraniganj Thana,Dhaka,Friday,Rainy
20-10-2017,Robbery,Kotwali Thana,Faridpur,Friday,Rainy
29-06-2017,Violence Against Women,Pangsha Model Thana,Rajbari,Thursday,Summer
17-08-2017,Kidnap,Mirzapur Thana,Tangail,Thursday,Rainy
31-10-2017,Murder,Araihazar Thana,Narayanganj,Tuesday,Rainy
16-04-2017,Murder,Kotwali Thana,Faridpur,Sunday,Summer
05-04-2017,Murder,Narsingdi Model Thana,Narsingdi,Wednesday,Summer
11-10-2017,Murder,Ghatail Thana,Tangail,Wednesday,Rainy
12-10-2017,Murder,Rupganj Thana,Narayanganj,Thursday,Rainy
17-12-2017,Murder,Narsingdi Model Thana,Narsingdi,Sunday,Winter
19-08-2017,Kidnap,Narayanganj Model Thana,Narayanganj,Saturday,Rainy
24-10-2017,Kidnap,Savar Model Thana,Dhaka,Tuesday,Rainy
16-04-2017,Murder,South Keraniganj Thana,Dhaka,Sunday,Summer
26-11-2017,Murder,Madhukhali Thana,Faridpur,Sunday,Winter
22-11-2017,Robbery,Shibpur Model Thana,Narsingdi,Wednesday,Winter
16-03-2018,Murder,Kashiani Thana,Gopalganj,Friday,Summer
14-04-2017,Murder,Kalihati Thana,Tangail,Friday,Summer
01-05-2017,Robbery,Muksudpur Thana,Gopalganj,Monday,Summer
26-10-2017,Kidnap,South Keraniganj Thana,Dhaka,Thursday,Rainy
16-12-2017,Murder,South Keraniganj Thana,Dhaka,Saturday,Winter
15-09-2017,Violence Against Women,Zajira Thana,Shariatpur,Friday,Rainy
02-03-2018,Violence Against Women,Zajira Thana,Shariatpur,Friday,Summer
24-05-2017,Violence Against Women,Boalmari Thana,Faridpur,Wednesday,Summer
13-01-2018,Robbery,Bajitpur Thana,Kishoreganj,Saturday,Winter
10-12-2017,Violence Against Women,Naria Thana,Shariatpur,Sunday,Winter
14-10-2017,Murder,Tongi Thana,Gazipur,Saturday,Rainy
22-02-2018,Murder,Pangsha Model Thana,Rajbari,Thursday,Winter
14-12-2017,Murder,Joydebpur Thana,Gazipur,Thursday,Winter
20-07-2017,Robbery,Muksudpur Thana,Gopalganj,Thursday,Rainy
28-09-2017,Gang rape,Kashiani Thana,Gopalganj,Thursday,Rainy
09-08-2017,Murder,Sreepur Thana,Gazipur,Wednesday,Rainy
11-10-2017,Robbery,Shibpur Model Thana,Narsingdi,Wednesday,Rainy
05-07-2017,Murder,Kotwali Thana,Faridpur,Wednesday,Rainy
14-06-2017,Murder,Rupganj Thana,Narayanganj,Wednesday,Summer
20-12-2017,Robbery,Kotwali Thana,Faridpur,Wednesday,Winter
26-01-2018,Murder,Muksudpur Thana,Gopalganj,Friday,Winter
17-07-2017,Murder,Shibchar Thana,Madaripur,Monday,Rainy
07-05-2017,Murder,Gazaria Thana,Munshiganj,Sunday,Summer
04-12-2017,Kidnap,Narayanganj Model Thana,Narayanganj,Monday,Winter
14-07-2017,Murder,Pakundia Thana,Kishoreganj,Friday,Rainy
06-12-2017,Murder,Joydebpur Thana,Gazipur,Wednesday,Winter
08-08-2017,Gang rape,Bondor Thana,Narayanganj,Tuesday,Rainy
04-12-2017,Violence Against Women,Kashiani Thana,Gopalganj,Monday,Winter
21-11-2017,Murder,Raipura Thana,Narsingdi,Tuesday,Winter
14-12-2017,Robbery,Karimganj Thana,Kishoreganj,Thursday,Winter
17-12-2017,Murder,Sadarpur Thana,Faridpur,Sunday,Winter
16-10-2017,Murder,Sreenagar Thana,Munshiganj,Monday,Rainy
20-11-2017,Robbery,Rajbari Thana,Rajbari,Monday,Winter
13-04-2017,Robbery,Tarail Thana,Kishoreganj,Thursday,Summer
18-04-2017,Murder,Siddhirganj Thana,Narayanganj,Tuesday,Summer
19-08-2017,Murder,Muksudpur Thana,Gopalganj,Saturday,Rainy
14-10-2017,Kidnap,South Keraniganj Thana,Dhaka,Saturday,Rainy
03-06-2017,Murder,Rupganj Thana,Narayanganj,Saturday,Summer
06-12-2017,Robbery,Bajitpur Thana,Kishoreganj,Wednesday,Winter
31-05-2017,Robbery,Siddhirganj Thana,Narayanganj,Wednesday,Summer
23-03-2018,Murder,Savar Model Thana,Dhaka,Friday,Summer
19-10-2017,Gang rape,Narsingdi Thana,Narsingdi,Thursday,Rainy
01-04-2017,Murder,Bhairab Thana,Kishoreganj,Saturday,Summer
17-02-2018,Murder,Joydebpur Thana,Gazipur,Saturday,Winter
18-11-2017,Murder,Kaliakair Thana,Gazipur,Saturday,Winter
08-07-2017,Murder,Keraniganj Model Thana,Dhaka,Saturday,Rainy
19-05-2017,Murder,Charbhadrasan Thana,Faridpur,Friday,Summer
18-01-2018,Murder,Sonargaon Thana,Narayanganj,Thursday,Winter
01-10-2017,Murder,Madhabdi Thana,Narsingdi,Sunday,Rainy
13-10-2017,Murder,Munshiganj Thana,Munshiganj,Friday,Rainy
20-12-2017,Gang rape,Raipura Thana,Narsingdi,Wednesday,Winter
13-12-2017,Murder,Shibpur Model Thana,Narsingdi,Wednesday,Winter
08-08-2017,Robbery,Siddhirganj Thana,Narayanganj,Tuesday,Rainy
30-07-2017,Murder,Ashulia Thana,Dhaka,Sunday,Rainy
07-02-2018,Robbery,Madaripur Thana,Madaripur,Wednesday,Winter
20-01-2018,Murder,Nawabganj Thana,Dhaka,Saturday,Winter
24-11-2017,Violence Against Women,Shibchar Thana,Madaripur,Friday,Winter
28-11-2017,Robbery,Savar Model Thana,Dhaka,Tuesday,Winter
01-06-2017,Murder,Sreepur Thana,Gazipur,Thursday,Summer
27-05-2017,Kidnap,Joydebpur Thana,Gazipur,Saturday,Summer
01-11-2017,Murder,Madhabdi Thana,Narsingdi,Wednesday,Winter
27-07-2017,Murder,South Keraniganj Thana,Dhaka,Thursday,Rainy
02-12-2017,Murder,Singair Thana,Manikganj,Saturday,Winter
08-11-2017,Robbery,Palong Model Thana,Shariatpur,Wednesday,Winter
16-01-2018,Murder,Sonargaon Thana,Narayanganj,Tuesday,Winter
16-04-2017,Murder,Madhabdi Thana,Narsingdi,Sunday,Summer
28-02-2018,Murder,Siddhirganj Thana,Narayanganj,Wednesday,Winter
30-07-2017,Murder,Keraniganj Model Thana,Dhaka,Sunday,Rainy
13-06-2017,Murder,South Keraniganj Thana,Dhaka,Tuesday,Summer
25-12-2017,Murder,Joydebpur Thana,Gazipur,Monday,Winter
01-05-2017,Murder,Keraniganj Model Thana,Dhaka,Monday,Summer
22-01-2018,Robbery,Sreepur Thana,Gazipur,Monday,Winter
19-11-2017,Murder,Sirajdikhan Thana,Munshiganj,Sunday,Winter
03-03-2018,Murder,Joydebpur Thana,Gazipur,Saturday,Summer
07-10-2017,Murder,Kalukhali Thana,Rajbari,Saturday,Rainy
23-04-2017,Robbery,Kaliakair Thana,Gazipur,Sunday,Summer
23-04-2017,Murder,Raipura Thana,Narsingdi,Sunday,Summer
13-05-2017,Murder,Raipura Thana,Narsingdi,Saturday,Summer
25-09-2017,Murder,Dhamrai Thana,Dhaka,Monday,Rainy
16-11-2017,Murder,Saltha Thana,Faridpur,Thursday,Winter
19-12-2017,Violence Against Women,Saturia Thana,Manikganj,Tuesday,Winter
26-08-2017,Murder,Madhupur Thana,Tangail,Saturday,Rainy
24-11-2017,Murder,Louhajong Thana,Munshiganj,Friday,Winter
19-08-2017,Murder,Kapasia Thana,Gazipur,Saturday,Rainy
19-05-2017,Gang rape,Savar Model Thana,Dhaka,Friday,Summer
03-05-2017,Murder,Naria Thana,Shariatpur,Wednesday,Summer
14-03-2018,Robbery,Dohar Thana,Dhaka,Wednesday,Summer
30-11-2017,Violence Against Women,Palong Model Thana,Shariatpur,Thursday,Winter
20-12-2017,Murder,Joydebpur Thana,Gazipur,Wednesday,Winter
04-11-2017,Robbery,Zajira Thana,Shariatpur,Saturday,Winter
11-10-2017,Murder,Saltha Thana,Faridpur,Wednesday,Rainy
04-10-2017,Murder,Mirzapur Thana,Tangail,Wednesday,Rainy
07-03-2018,Murder,Sreepur Thana,Gazipur,Wednesday,Summer
29-06-2017,Murder,South Keraniganj Thana,Dhaka,Thursday,Summer
25-08-2017,Murder,Ashulia Thana,Dhaka,Friday,Rainy
13-05-2017,Murder,Rupganj Thana,Narayanganj,Saturday,Summer
21-11-2017,Robbery,Shibchar Thana,Madaripur,Tuesday,Winter
31-08-2017,Murder,Kaliakair Thana,Gazipur,Thursday,Rainy
28-07-2017,Murder,Sadarpur Thana,Faridpur,Friday,Rainy
25-12-2017,Kidnap,South Keraniganj Thana,Dhaka,Monday,Winter
26-11-2017,Murder,Ashulia Thana,Dhaka,Sunday,Winter
12-09-2017,Murder,Monohardi Thana,Narsingdi,Tuesday,Rainy
15-03-2018,Murder,Narsingdi Thana,Narsingdi,Thursday,Summer
08-02-2018,Murder,Rupganj Thana,Narayanganj,Thursday,Winter
27-05-2017,Murder,Basail Thana,Tangail,Saturday,Summer
01-09-2017,Murder,Karimganj Thana,Kishoreganj,Friday,Rainy
07-09-2017,Murder,Nawabganj Thana,Dhaka,Thursday,Rainy
11-11-2017,Murder,Bhanga Thana,Faridpur,Saturday,Winter
07-02-2018,Robbery,Madaripur Thana,Madaripur,Wednesday,Winter
05-10-2017,Robbery,Narsingdi Thana,Narsingdi,Thursday,Rainy
15-07-2017,Murder,Kishoreganj Model Thana,Kishoreganj,Saturday,Rainy
19-04-2017,Murder,South Keraniganj Thana,Dhaka,Wednesday,Summer
12-09-2017,Murder,Kalukhali Thana,Rajbari,Tuesday,Rainy
13-02-2018,Murder,Kalukhali Thana,Rajbari,Tuesday,Winter
11-10-2017,Violence Against Women,Madaripur Thana,Madaripur,Wednesday,Rainy
06-08-2017,Murder,Ghatail Thana,Tangail,Sunday,Rainy
22-10-2017,Murder,Manikganj Thana,Manikganj,Sunday,Rainy
03-11-2017,Kidnap,Madaripur Thana,Madaripur,Friday,Winter
26-08-2017,Violence Against Women,Palash Thana,Narsingdi,Saturday,Rainy
04-01-2018,Violence Against Women,Goshairhat Thana,Shariatpur,Thursday,Winter
08-08-2017,Murder,Joydebpur Thana,Gazipur,Tuesday,Rainy
01-02-2018,Murder,Kotwali Thana,Faridpur,Thursday,Winter
06-04-2017,Robbery,Nagarpur Thana,Tangail,Thursday,Summer
12-04-2017,Murder,South Keraniganj Thana,Dhaka,Wednesday,Summer
11-06-2017,Murder,Munshiganj Thana,Munshiganj,Sunday,Summer
25-05-2017,Murder,Keraniganj Model Thana,Dhaka,Thursday,Summer
17-05-2017,Gang rape,Palash Thana,Narsingdi,Wednesday,Summer
16-01-2018,Robbery,Katiadi Model Thana,Kishoreganj,Tuesday,Winter
10-09-2017,Kidnap,Tangail Thana,Tangail,Sunday,Rainy
19-01-2018,Murder,Kotwali Thana,Faridpur,Friday,Winter
31-07-2017,Murder,Joydebpur Thana,Gazipur,Monday,Rainy
05-02-2018,Murder,Kotwali Thana,Faridpur,Monday,Winter
30-04-2017,Murder,Joydebpur Thana,Gazipur,Sunday,Summer
08-08-2017,Murder,Shibchar Thana,Madaripur,Tuesday,Rainy
20-07-2017,Murder,Siddhirganj Thana,Narayanganj,Thursday,Rainy
17-05-2017,Murder,Madhabdi Thana,Narsingdi,Wednesday,Summer
14-08-2017,Violence Against Women,Madhukhali Thana,Faridpur,Monday,Rainy
17-07-2017,Murder,Kaliakair Thana,Gazipur,Monday,Rainy
16-05-2017,Gang rape,Kalkini Thana,Madaripur,Tuesday,Summer
16-06-2017,Murder,Katiadi Model Thana,Kishoreganj,Friday,Summer
24-07-2017,Violence Against Women,Palash Thana,Narsingdi,Monday,Rainy
15-11-2017,Murder,Bhuapur Thana,Tangail,Wednesday,Winter
10-05-2017,Murder,Siddhirganj Thana,Narayanganj,Wednesday,Summer
21-11-2017,Kidnap,Kapasia Thana,Gazipur,Tuesday,Winter
02-04-2017,Robbery,Manikganj Thana,Manikganj,Sunday,Summer
26-03-2018,Murder,Narsingdi Thana,Narsingdi,Monday,Summer
23-07-2017,Kidnap,Joydebpur Thana,Gazipur,Sunday,Rainy
22-05-2017,Murder,Saturia Thana,Manikganj,Monday,Summer
12-08-2017,Murder,Manikganj Thana,Manikganj,Saturday,Rainy
01-02-2018,Murder,Kalukhali Thana,Rajbari,Thursday,Winter
26-10-2017,Murder,Mirzapur Thana,Tangail,Thursday,Rainy
05-07-2017,Robbery,Tungipara Thana,Gopalganj,Wednesday,Rainy
19-05-2017,Violence Against Women,Joydebpur Thana,Gazipur,Friday,Summer
23-03-2018,Violence Against Women,Munshiganj Thana,Munshiganj,Friday,Summer
07-11-2017,Murder,Narsingdi Model Thana,Narsingdi,Tuesday,Winter
05-06-2017,Kidnap,Gopalganj Thana,Gopalganj,Monday,Summer
04-03-2018,Gang rape,Muksudpur Thana,Gopalganj,Sunday,Summer
05-05-2017,Murder,Palong Model Thana,Shariatpur,Friday,Summer
26-04-2017,Murder,Sakhipur Thana,Tangail,Wednesday,Summer
07-02-2018,Murder,Kotwali Thana,Faridpur,Wednesday,Winter
24-12-2017,Murder,Joydebpur Thana,Gazipur,Sunday,Winter
13-04-2017,Robbery,Sonargaon Thana,Narayanganj,Thursday,Summer
08-12-2017,Murder,Sreepur Thana,Gazipur,Friday,Winter
13-07-2017,Gang rape,Araihazar Thana,Narayanganj,Thursday,Rainy
19-01-2018,Murder,Dhamrai Thana,Dhaka,Friday,Winter
28-09-2017,Murder,Raipura Thana,Narsingdi,Thursday,Rainy
18-09-2017,Robbery,Munshiganj Thana,Munshiganj,Monday,Rainy
06-02-2018,Gang rape,Rupganj Thana,Narayanganj,Tuesday,Winter
08-10-2017,Murder,Singair Thana,Manikganj,Sunday,Rainy
09-10-2017,Gang rape,Bondor Thana,Narayanganj,Monday,Rainy
08-08-2017,Kidnap,Shibpur Model Thana,Narsingdi,Tuesday,Rainy
25-07-2017,Violence Against Women,Joydebpur Thana,Gazipur,Tuesday,Rainy
15-01-2018,Robbery,Rupganj Thana,Narayanganj,Monday,Winter
27-05-2017,Murder,Ghatail Thana,Tangail,Saturday,Summer
28-11-2017,Murder,Delduar Thana,Tangail,Tuesday,Winter
01-05-2017,Robbery,Kotwali Thana,Faridpur,Monday,Summer
18-12-2017,Murder,Shibchar Thana,Madaripur,Monday,Winter
04-08-2017,Murder,Fatullah Model Thana,Narayanganj,Friday,Rainy
10-11-2017,Murder,Raipura Thana,Narsingdi,Friday,Winter
24-02-2018,Kidnap,Palash Thana,Narsingdi,Saturday,Winter
02-04-2017,Murder,Siddhirganj Thana,Narayanganj,Sunday,Summer
22-01-2018,Murder,Fatullah Model Thana,Narayanganj,Monday,Winter
30-10-2017,Robbery,Belabo Thana,Narsingdi,Monday,Rainy
02-08-2017,Murder,Ghatail Thana,Tangail,Wednesday,Rainy
28-01-2018,Violence Against Women,Kotalipara Thana,Gopalganj,Sunday,Winter
18-09-2017,Gang rape,Sreenagar Thana,Munshiganj,Monday,Rainy
24-03-2018,Murder,Shibpur Model Thana,Narsingdi,Saturday,Summer
29-06-2017,Violence Against Women,Palong Model Thana,Shariatpur,Thursday,Summer
26-09-2017,Murder,Rupganj Thana,Narayanganj,Tuesday,Rainy
17-03-2018,Murder,Joydebpur Thana,Gazipur,Saturday,Summer
14-06-2017,Kidnap,Sreenagar Thana,Munshiganj,Wednesday,Summer
23-11-2017,Murder,Narsingdi Thana,Narsingdi,Thursday,Winter
14-09-2017,Murder,Kishoreganj Model Thana,Kishoreganj,Thursday,Rainy
24-10-2017,Robbery,Hossainpur Thana,Kishoreganj,Tuesday,Rainy
17-09-2017,Murder,Rajoir Thana,Madaripur,Sunday,Rainy
17-12-2017,Murder,Delduar Thana,Tangail,Sunday,Winter
31-03-2018,Violence Against Women,Kaliakair Thana,Gazipur,Saturday,Summer
19-03-2018,Murder,Nagarkanda Model Thana,Faridpur,Monday,Summer
26-04-2017,Gang rape,Kuliarchar Thana,Kishoreganj,Wednesday,Summer
30-10-2017,Gang rape,Madaripur Thana,Madaripur,Monday,Rainy
23-05-2017,Murder,Louhajong Thana,Munshiganj,Tuesday,Summer
03-02-2018,Murder,Kaliganj Thana,Gazipur,Saturday,Winter
14-01-2018,Gang rape,Gopalganj Thana,Gopalganj,Sunday,Winter
25-08-2017,Gang rape,Muksudpur Thana,Gopalganj,Friday,Rainy
26-05-2017,Kidnap,Rajbari Thana,Rajbari,Friday,Summer
19-10-2017,Kidnap,Tangail Thana,Tangail,Thursday,Rainy
08-04-2017,Murder,South Keraniganj Thana,Dhaka,Saturday,Summer
17-05-2017,Murder,Muksudpur Thana,Gopalganj,Wednesday,Summer
01-02-2018,Murder,Kalukhali Thana,Rajbari,Thursday,Winter
20-03-2018,Kidnap,Basail Thana,Tangail,Tuesday,Summer
13-05-2017,Murder,Goalandaghat Thana,Rajbari,Saturday,Summer
24-08-2017,Robbery,Dhamrai Thana,Dhaka,Thursday,Rainy
17-09-2017,Kidnap,Rajbari Thana,Rajbari,Sunday,Rainy
25-11-2017,Kidnap,Narsingdi Model Thana,Narsingdi,Saturday,Winter
10-05-2017,Gang rape,Kotalipara Thana,Gopalganj,Wednesday,Summer
25-03-2018,Murder,Kalihati Thana,Tangail,Sunday,Summer
12-11-2017,Murder,Kaliakair Thana,Gazipur,Sunday,Winter
11-04-2017,Murder,Savar Model Thana,Dhaka,Tuesday,Summer
15-11-2017,Murder,Mithamain Thana,Kishoreganj,Wednesday,Winter
22-05-2017,Violence Against Women,Keraniganj Model Thana,Dhaka,Monday,Summer
07-11-2017,Murder,Rupganj Thana,Narayanganj,Tuesday,Winter
05-07-2017,Murder,Tangail Thana,Tangail,Wednesday,Rainy
13-08-2017,Robbery,Bajitpur Thana,Kishoreganj,Monday,Rainy
02-04-2017,Murder,Sadarpur Thana,Faridpur,Sunday,Summer
26-09-2017,Robbery,Savar Model Thana,Dhaka,Tuesday,Rainy
13-09-2017,Kidnap,Shibchar Thana,Madaripur,Wednesday,Rainy
22-05-2017,Murder,Monohardi Thana,Narsingdi,Monday,Summer
27-07-2017,Murder,Madhukhali Thana,Faridpur,Thursday,Rainy
29-09-2017,Violence Against Women,Kalukhali Thana,Rajbari,Friday,Rainy
11-02-2018,Murder,Rupganj Thana,Narayanganj,Sunday,Winter
10-06-2017,Kidnap,Bhanga Thana,Faridpur,Saturday,Summer
04-02-2018,Murder,Sonargaon Thana,Narayanganj,Sunday,Winter
04-05-2017,Robbery,Araihazar Thana,Narayanganj,Thursday,Summer
15-07-2017,Gang rape,Palong Model Thana,Shariatpur,Saturday,Rainy
13-01-2018,Robbery,Savar Model Thana,Dhaka,Saturday,Winter
01-03-2018,Violence Against Women,Sirajdikhan Thana,Munshiganj,Thursday,Summer
30-10-2017,Gang rape,Muksudpur Thana,Gopalganj,Monday,Rainy
02-02-2018,Gang rape,Zajira Thana,Shariatpur,Friday,Winter
19-12-2017,Murder,Narsingdi Model Thana,Narsingdi,Tuesday,Winter
17-08-2017,Murder,Sreepur Thana,Gazipur,Thursday,Rainy
20-07-2017,Robbery,Madhukhali Thana,Faridpur,Thursday,Rainy
13-09-2017,Murder,Munshiganj Thana,Munshiganj,Wednesday,Rainy
08-04-2017,Murder,Joydebpur Thana,Gazipur,Saturday,Summer
20-05-2017,Gang rape,Tungipara Thana,Gopalganj,Saturday,Summer
16-03-2018,Murder,Madhukhali Thana,Faridpur,Friday,Summer
26-11-2017,Kidnap,Bhuapur Thana,Tangail,Sunday,Winter
20-05-2017,Kidnap,Tungipara Thana,Gopalganj,Saturday,Summer
10-06-2017,Robbery,Kuliarchar Thana,Kishoreganj,Saturday,Summer
18-04-2017,Murder,Nagarpur Thana,Tangail,Tuesday,Summer
06-05-2017,Robbery,Ashulia Thana,Dhaka,Saturday,Summer
02-10-2017,Gang rape,Gopalganj Thana,Gopalganj,Monday,Rainy
03-05-2017,Violence Against Women,Tongi Thana,Gazipur,Wednesday,Summer
06-06-2017,Murder,Kalihati Thana,Tangail,Tuesday,Summer
05-05-2017,Murder,Gopalganj Thana,Gopalganj,Friday,Summer
14-11-2017,Violence Against Women,Joydebpur Thana,Gazipur,Tuesday,Winter
27-08-2017,Murder,Kalkini Thana,Madaripur,Sunday,Rainy
23-10-2017,Violence Against Women,Kalkini Thana,Madaripur,Monday,Rainy
21-08-2017,Murder,Madhupur Thana,Tangail,Monday,Rainy
15-03-2018,Murder,Dohar Thana,Dhaka,Thursday,Summer
21-05-2017,Gang rape,Kalukhali Thana,Rajbari,Sunday,Summer
21-07-2017,Violence Against Women,Baliakandi Thana,Rajbari,Friday,Rainy
24-06-2017,Murder,Rupganj Thana,Narayanganj,Saturday,Summer
26-06-2017,Murder,Hossainpur Thana,Kishoreganj,Monday,Summer
19-09-2017,Murder,Joydebpur Thana,Gazipur,Tuesday,Rainy
12-04-2017,Robbery,Muksudpur Thana,Gopalganj,Wednesday,Summer
29-10-2017,Kidnap,Nagarkanda Model Thana,Faridpur,Sunday,Rainy
25-08-2017,Violence Against Women,Palong Model Thana,Shariatpur,Friday,Rainy
09-09-2017,Kidnap,Rupganj Thana,Narayanganj,Saturday,Rainy
10-03-2018,Murder,Fatullah Model Thana,Narayanganj,Saturday,Summer
01-01-2018,Robbery,Tongi Thana,Gazipur,Monday,Winter
05-11-2017,Murder,Rupganj Thana,Narayanganj,Sunday,Winter
29-05-2017,Murder,Shibpur Model Thana,Narsingdi,Monday,Summer
01-04-2017,Murder,Ashulia Thana,Dhaka,Saturday,Summer
20-12-2017,Murder,Kapasia Thana,Gazipur,Wednesday,Winter
29-06-2017,Murder,Karimganj Thana,Kishoreganj,Thursday,Summer
01-04-2017,Kidnap,Dasar Thana,Madaripur,Saturday,Summer
03-03-2018,Murder,Boalmari Thana,Faridpur,Saturday,Summer
23-10-2017,Robbery,Tongi Thana,Gazipur,Monday,Rainy
15-12-2017,Murder,Rajoir Thana,Madaripur,Friday,Winter
31-08-2017,Murder,Kapasia Thana,Gazipur,Thursday,Rainy
11-02-2018,Robbery,Narsingdi Model Thana,Narsingdi,Sunday,Winter
24-02-2018,Violence Against Women,Kuliarchar Thana,Kishoreganj,Saturday,Winter
27-08-2017,Robbery,Basail Thana,Tangail,Sunday,Rainy
08-08-2017,Murder,Fatullah Model Thana,Narayanganj,Tuesday,Rainy
16-06-2017,Robbery,Madhabdi Thana,Narsingdi,Friday,Summer
23-09-2017,Murder,Nikli Thana,Kishoreganj,Saturday,Rainy
25-11-2017,Murder,Raipura Thana,Narsingdi,Saturday,Winter
18-12-2017,Robbery,Munshiganj Thana,Munshiganj,Monday,Winter
20-02-2018,Robbery,Keraniganj Model Thana,Dhaka,Tuesday,Winter
29-07-2017,Murder,South Keraniganj Thana,Dhaka,Saturday,Rainy
27-09-2017,Robbery,Kapasia Thana,Gazipur,Wednesday,Rainy
06-02-2018,Robbery,Mirzapur Thana,Tangail,Tuesday,Winter
01-01-2018,Murder,Kaliakair Thana,Gazipur,Monday,Winter
15-08-2017,Murder,Ashulia Thana,Dhaka,Tuesday,Rainy
24-08-2017,Murder,Tongi Thana,Gazipur,Thursday,Rainy
18-05-2017,Murder,Munshiganj Thana,Munshiganj,Thursday,Summer
17-05-2017,Kidnap,Raipura Thana,Narsingdi,Wednesday,Summer
26-05-2017,Murder,Siddhirganj Thana,Narayanganj,Friday,Summer
03-09-2017,Murder,Araihazar Thana,Narayanganj,Sunday,Rainy
19-01-2018,Kidnap,Kotwali Thana,Faridpur,Friday,Winter
19-03-2018,Murder,Nagarkanda Model Thana,Faridpur,Monday,Summer
17-04-2017,Kidnap,Fatullah Model Thana,Narayanganj,Monday,Summer
15-06-2017,Murder,Baliakandi Thana,Rajbari,Thursday,Summer
24-03-2018,Robbery,Boalmari Thana,Faridpur,Saturday,Summer
06-12-2017,Robbery,Ashulia Thana,Dhaka,Wednesday,Winter
15-03-2018,Murder,Ashulia Thana,Dhaka,Thursday,Summer
09-08-2017,Murder,Rajbari Thana,Rajbari,Wednesday,Rainy
01-10-2017,Murder,Tarail Thana,Kishoreganj,Sunday,Rainy
07-09-2017,Murder,Alfadanga Thana,Faridpur,Thursday,Rainy
22-08-2017,Gang rape,Kishoreganj Model Thana,Kishoreganj,Tuesday,Rainy
23-04-2017,Robbery,Joydebpur Thana,Gazipur,Sunday,Summer
08-01-2018,Robbery,Kishoreganj Model Thana,Kishoreganj,Monday,Winter
25-12-2017,Murder,Shibchar Thana,Madaripur,Monday,Winter
17-12-2017,Murder,Ashulia Thana,Dhaka,Sunday,Winter
30-05-2017,Murder,Tongi Thana,Gazipur,Tuesday,Summer
14-08-2017,Robbery,Naria Thana,Shariatpur,Monday,Rainy
28-03-2018,Gang rape,Bondor Thana,Narayanganj,Wednesday,Summer
23-07-2017,Violence Against Women,Sonargaon Thana,Narayanganj,Sunday,Rainy
20-11-2017,Kidnap,Munshiganj Thana,Munshiganj,Monday,Winter
18-07-2017,Murder,South Keraniganj Thana,Dhaka,Tuesday,Rainy
20-09-2017,Robbery,Joydebpur Thana,Gazipur,Wednesday,Rainy
31-12-2017,Murder,Sadarpur Thana,Faridpur,Sunday,Winter
23-10-2017,Robbery,Kaliganj Thana,Gazipur,Monday,Rainy
20-09-2017,Robbery,Ashulia Thana,Dhaka,Wednesday,Rainy
13-10-2017,Murder,Fatullah Model Thana,Narayanganj,Friday,Rainy
10-07-2017,Kidnap,Kaliakair Thana,Gazipur,Monday,Rainy
13-09-2017,Violence Against Women,Madhabdi Thana,Narsingdi,Wednesday,Rainy
23-05-2017,Gang rape,Kotalipara Thana,Gopalganj,Tuesday,Summer
18-10-2017,Murder,Hossainpur Thana,Kishoreganj,Wednesday,Rainy
31-08-2017,Gang rape,Gopalganj Thana,Gopalganj,Thursday,Rainy
09-06-2017,Robbery,Delduar Thana,Tangail,Friday,Summer
07-07-2017,Murder,Pangsha Model Thana,Rajbari,Friday,Rainy
27-06-2017,Murder,Katiadi Model Thana,Kishoreganj,Tuesday,Summer
25-08-2017,Murder,Rupganj Thana,Narayanganj,Friday,Rainy
09-12-2017,Murder,Joydebpur Thana,Gazipur,Saturday,Winter
26-10-2017,Gang rape,Narsingdi Thana,Narsingdi,Thursday,Rainy
07-06-2017,Gang rape,Gopalpur Thana,Tangail,Wednesday,Summer
27-02-2018,Murder,Sadarpur Thana,Faridpur,Tuesday,Winter
18-08-2017,Murder,Sreepur Thana,Gazipur,Friday,Rainy
06-04-2017,Murder,Kaliakair Thana,Gazipur,Thursday,Summer
19-08-2017,Kidnap,Narsingdi Model Thana,Narsingdi,Saturday,Rainy
02-07-2017,Gang rape,Kapasia Thana,Gazipur,Sunday,Rainy
04-01-2018,Murder,Siddhirganj Thana,Narayanganj,Thursday,Winter
23-03-2018,Robbery,Sreepur Thana,Gazipur,Friday,Summer
09-10-2017,Murder,Ghior Thana,Manikganj,Monday,Rainy
27-06-2017,Murder,Sakhipur Thana,Tangail,Tuesday,Summer
01-04-2017,Murder,South Keraniganj Thana,Dhaka,Saturday,Summer
23-05-2017,Murder,Kalukhali Thana,Rajbari,Tuesday,Summer
23-03-2018,Violence Against Women,Savar Model Thana,Dhaka,Friday,Summer
18-03-2018,Murder,Nagarpur Thana,Tangail,Sunday,Summer
02-03-2018,Murder,Tongi Thana,Gazipur,Friday,Summer
09-07-2017,Murder,Tungipara Thana,Gopalganj,Sunday,Rainy
28-08-2017,Murder,Ashulia Thana,Dhaka,Monday,Rainy
20-04-2017,Murder,Saltha Thana,Faridpur,Thursday,Summer
21-02-2018,Violence Against Women,Shibpur Model Thana,Narsingdi,Wednesday,Winter
31-03-2018,Murder,Bajitpur Thana,Kishoreganj,Saturday,Summer
04-11-2017,Kidnap,Sreepur Thana,Gazipur,Saturday,Winter
03-11-2017,Gang rape,Savar Model Thana,Dhaka,Friday,Winter
14-12-2017,Murder,Madhukhali Thana,Faridpur,Thursday,Winter
13-02-2018,Murder,Sreepur Thana,Gazipur,Tuesday,Winter
18-05-2017,Gang rape,Fatullah Model Thana,Narayanganj,Thursday,Summer
17-12-2017,Murder,Ashulia Thana,Dhaka,Sunday,Winter
27-06-2017,Murder,Kaliganj Thana,Gazipur,Tuesday,Summer
10-04-2017,Murder,Bhairab Thana,Kishoreganj,Monday,Summer
12-03-2018,Murder,Sreepur Thana,Gazipur,Monday,Summer
17-03-2018,Murder,Sreepur Thana,Gazipur,Saturday,Summer
31-07-2017,Murder,Madaripur Thana,Madaripur,Monday,Rainy
01-08-2017,Murder,Kaliganj Thana,Gazipur,Tuesday,Rainy
03-03-2018,Murder,Raipura Thana,Narsingdi,Saturday,Summer
01-11-2017,Robbery,Kaliganj Thana,Gazipur,Wednesday,Winter
21-07-2017,Robbery,Savar Model Thana,Dhaka,Friday,Rainy
16-11-2017,Robbery,Goshairhat Thana,Shariatpur,Thursday,Winter
04-11-2017,Kidnap,Madhukhali Thana,Faridpur,Saturday,Winter
29-08-2017,Gang rape,Ashulia Thana,Dhaka,Tuesday,Rainy
17-01-2018,Violence Against Women,Pangsha Model Thana,Rajbari,Wednesday,Winter
17-03-2018,Gang rape,Madhabdi Thana,Narsingdi,Saturday,Summer
09-06-2017,Robbery,Muksudpur Thana,Gopalganj,Friday,Summer
17-10-2017,Murder,Kotwali Thana,Faridpur,Tuesday,Rainy
06-11-2017,Murder,Araihazar Thana,Narayanganj,Monday,Winter
09-04-2017,Murder,Dhamrai Thana,Dhaka,Sunday,Summer
16-04-2017,Violence Against Women,Karimganj Thana,Kishoreganj,Sunday,Summer
28-02-2018,Murder,Sadarpur Thana,Faridpur,Wednesday,Winter
02-12-2017,Murder,Pakundia Thana,Kishoreganj,Saturday,Winter
11-03-2018,Murder,Pangsha Model Thana,Rajbari,Sunday,Summer
13-02-2018,Murder,Kalukhali Thana,Rajbari,Tuesday,Winter
31-12-2017,Murder,Kalihati Thana,Tangail,Sunday,Winter
13-03-2018,Murder,Joydebpur Thana,Gazipur,Tuesday,Summer
06-10-2017,Murder,South Keraniganj Thana,Dhaka,Friday,Rainy
01-02-2018,Murder,Singair Thana,Manikganj,Thursday,Winter
06-09-2017,Kidnap,Ashulia Thana,Dhaka,Wednesday,Rainy
11-01-2018,Murder,Sreenagar Thana,Munshiganj,Friday,Winter
25-02-2018,Gang rape,Rajbari Thana,Rajbari,Sunday,Winter
07-01-2018,Murder,Keraniganj Model Thana,Dhaka,Sunday,Winter
16-06-2017,Murder,Gopalpur Thana,Tangail,Friday,Summer
08-02-2018,Murder,Ashulia Thana,Dhaka,Thursday,Winter
28-02-2018,Murder,Joydebpur Thana,Gazipur,Wednesday,Winter
11-01-2018,Robbery,Zajira Thana,Shariatpur,Thursday,Winter
19-12-2017,Murder,Kotwali Thana,Faridpur,Tuesday,Winter
27-02-2018,Robbery,Kishoreganj Model Thana,Kishoreganj,Tuesday,Winter
02-12-2017,Murder,Raipura Thana,Narsingdi,Saturday,Winter
30-05-2017,Kidnap,Narsingdi Thana,Narsingdi,Tuesday,Summer
02-03-2018,Murder,Fatullah Model Thana,Narayanganj,Friday,Summer
27-11-2017,Murder,Rupganj Thana,Narayanganj,Monday,Winter
29-09-2017,Murder,Madhupur Thana,Tangail,Friday,Rainy
16-07-2017,Murder,South Keraniganj Thana,Dhaka,Sunday,Rainy
02-10-2017,Murder,Kishoreganj Model Thana,Kishoreganj,Monday,Rainy
24-02-2018,Murder,Singair Thana,Manikganj,Saturday,Winter
28-02-2018,Murder,Boalmari Thana,Faridpur,Wednesday,Winter
14-06-2017,Robbery,Baliakandi Thana,Rajbari,Wednesday,Summer
09-09-2017,Gang rape,Joydebpur Thana,Gazipur,Saturday,Rainy
12-06-2017,Gang rape,Kotwali Thana,Faridpur,Monday,Summer
20-02-2018,Robbery,Savar Model Thana,Dhaka,Tuesday,Winter
13-09-2017,Murder,Kashiani Thana,Gopalganj,Wednesday,Rainy
15-07-2017,Murder,Tongi Thana,Gazipur,Saturday,Rainy
29-08-2017,Murder,Rupganj Thana,Narayanganj,Tuesday,Rainy
18-04-2017,Murder,Fatullah Model Thana,Narayanganj,Tuesday,Summer
31-12-2017,Murder,Bondor Thana,Narayanganj,Sunday,Winter
10-04-2017,Murder,Sonargaon Thana,Narayanganj,Monday,Summer
23-03-2018,Murder,Rupganj Thana,Narayanganj,Friday,Summer
17-07-2017,Kidnap,Belabo Thana,Narsingdi,Monday,Rainy
09-08-2017,Gang rape,Bondor Thana,Narayanganj,Wednesday,Rainy
18-06-2017,Kidnap,Rajoir Thana,Madaripur,Sunday,Summer
04-06-2017,Kidnap,Kapasia Thana,Gazipur,Sunday,Summer
17-09-2017,Murder,Nagarkanda Model Thana,Faridpur,Sunday,Rainy
16-10-2017,Murder,Joydebpur Thana,Gazipur,Monday,Rainy
27-09-2017,Robbery,Tarail Thana,Kishoreganj,Wednesday,Rainy
20-08-2017,Gang rape,Palong Model Thana,Shariatpur,Sunday,Rainy
04-05-2017,Murder,Sreenagar Thana,Munshiganj,Thursday,Summer
06-06-2017,Kidnap,Goshairhat Thana,Shariatpur,Tuesday,Summer
13-03-2018,Murder,Sadarpur Thana,Faridpur,Tuesday,Summer
24-08-2017,Murder,Kotwali Thana,Faridpur,Thursday,Rainy
07-07-2017,Gang rape,Savar Model Thana,Dhaka,Friday,Rainy
31-07-2017,Robbery,Joydebpur Thana,Gazipur,Monday,Rainy
14-09-2017,Gang rape,Katiadi Model Thana,Kishoreganj,Thursday,Rainy
06-02-2018,Murder,Karimganj Thana,Kishoreganj,Tuesday,Winter
02-10-2017,Murder,Gopalganj Thana,Gopalganj,Monday,Rainy
12-11-2017,Murder,Sreepur Thana,Gazipur,Sunday,Winter
19-10-2017,Murder,Narsingdi Thana,Narsingdi,Thursday,Rainy
27-02-2018,Murder,Nagarkanda Model Thana,Faridpur,Tuesday,Winter
03-08-2017,Murder,Madhabdi Thana,Narsingdi,Thursday,Rainy
19-10-2017,Murder,Rajbari Thana,Rajbari,Thursday,Rainy
17-04-2017,Murder,Narsingdi Thana,Narsingdi,Monday,Summer
04-05-2017,Murder,Kalukhali Thana,Rajbari,Thursday,Summer
04-09-2017,Murder,Kotwali Thana,Faridpur,Monday,Rainy
22-04-2017,Kidnap,Kalihati Thana,Tangail,Saturday,Summer
12-12-2017,Robbery,Madhukhali Thana,Faridpur,Tuesday,Winter
26-09-2017,Murder,Kaliganj Thana,Gazipur,Tuesday,Rainy
09-09-2017,Murder,Joydebpur Thana,Gazipur,Saturday,Rainy
25-07-2017,Murder,Kapasia Thana,Gazipur,Tuesday,Rainy
29-07-2017,Murder,South Keraniganj Thana,Dhaka,Saturday,Rainy
28-04-2017,Gang rape,Ghatail Thana,Tangail,Friday,Summer
27-08-2017,Robbery,Joydebpur Thana,Gazipur,Sunday,Rainy
09-09-2017,Murder,Ashulia Thana,Dhaka,Saturday,Rainy
11-11-2017,Kidnap,Ashulia Thana,Dhaka,Saturday,Winter
25-02-2018,Violence Against Women,Shibchar Thana,Madaripur,Sunday,Winter
22-03-2018,Gang rape,Madhukhali Thana,Faridpur,Thursday,Summer
03-06-2017,Murder,Hossainpur Thana,Kishoreganj,Saturday,Summer
01-04-2017,Murder,Sreenagar Thana,Munshiganj,Saturday,Summer
16-03-2018,Kidnap,Austagram Thana,Kishoreganj,Friday,Summer
05-05-2017,Violence Against Women,Sreepur Thana,Gazipur,Friday,Summer
23-12-2017,Gang rape,Faridpur Thana,Faridpur,Saturday,Winter
13-05-2017,Violence Against Women,Gopalganj Thana,Gopalganj,Saturday,Summer
03-07-2017,Violence Against Women,Zajira Thana,Shariatpur,Monday,Rainy
05-02-2018,Murder,Sadarpur Thana,Faridpur,Monday,Winter
19-04-2017,Murder,Kalkini Thana,Madaripur,Wednesday,Summer
12-08-2017,Murder,Araihazar Thana,Narayanganj,Saturday,Rainy
15-08-2017,Murder,Tongi Thana,Gazipur,Tuesday,Rainy
22-07-2017,Robbery,Madhupur Thana,Tangail,Saturday,Rainy
26-11-2017,Kidnap,Bhuapur Thana,Tangail,Sunday,Winter
22-04-2017,Kidnap,Tangail Thana,Tangail,Saturday,Summer
01-03-2018,Murder,Goshairhat Thana,Shariatpur,Thursday,Summer
15-02-2018,Murder,Narsingdi Thana,Narsingdi,Thursday,Winter
24-10-2017,Murder,Fatullah Model Thana,Narayanganj,Tuesday,Rainy
27-02-2018,Murder,Sadarpur Thana,Faridpur,Tuesday,Winter
26-01-2018,Murder,Louhajong Thana,Munshiganj,Friday,Winter
10-08-2017,Gang rape,Ashulia Thana,Dhaka,Thursday,Rainy
30-03-2018,Murder,Fatullah Model Thana,Narayanganj,Friday,Summer
26-05-2017,Murder,Tarail Thana,Kishoreganj,Friday,Summer
05-11-2017,Murder,Rupganj Thana,Narayanganj,Sunday,Winter
08-01-2018,Violence Against Women,Madaripur Thana,Madaripur,Monday,Winter
06-01-2018,Murder,Sreepur Thana,Gazipur,Saturday,Winter
26-05-2017,Murder,Savar Model Thana,Dhaka,Friday,Summer
29-08-2017,Murder,Kaliakair Thana,Gazipur,Tuesday,Rainy
30-05-2017,Murder,Raipura Thana,Narsingdi,Tuesday,Summer
18-05-2017,Murder,Madaripur Thana,Madaripur,Thursday,Summer
05-08-2017,Violence Against Women,Kalihati Thana,Tangail,Saturday,Rainy
04-10-2017,Murder,Joydebpur Thana,Gazipur,Wednesday,Rainy
09-09-2017,Violence Against Women,Joydebpur Thana,Gazipur,Saturday,Rainy
30-12-2017,Murder,Kaliakair Thana,Gazipur,Saturday,Winter
08-05-2017,Murder,Mirzapur Thana,Tangail,Monday,Summer
18-08-2017,Murder,Narsingdi Thana,Narsingdi,Friday,Rainy
04-06-2017,Murder,Sirajdikhan Thana,Munshiganj,Sunday,Summer
15-02-2018,Murder,Sreepur Thana,Gazipur,Thursday,Winter
03-03-2018,Murder,Rajbari Thana,Rajbari,Saturday,Summer
30-05-2017,Gang rape,Kotalipara Thana,Gopalganj,Tuesday,Summer
16-12-2017,Gang rape,Raipura Thana,Narsingdi,Saturday,Winter
28-09-2017,Robbery,Naria Thana,Shariatpur,Thursday,Rainy
05-07-2017,Robbery,Ghior Thana,Manikganj,Wednesday,Rainy
06-08-2017,Kidnap,Savar Model Thana,Dhaka,Sunday,Rainy
12-05-2017,Violence Against Women,Kotwali Thana,Faridpur,Friday,Summer
30-10-2017,Robbery,Rajbari Thana,Rajbari,Monday,Rainy
10-08-2017,Gang rape,Kotalipara Thana,Gopalganj,Thursday,Rainy
11-09-2017,Murder,Bhanga Thana,Faridpur,Monday,Rainy
22-12-2017,Gang rape,Raipura Thana,Narsingdi,Friday,Winter
06-12-2017,Violence Against Women,Sakhipur Thana,Tangail,Wednesday,Winter
19-12-2017,Murder,Shibpur Model Thana,Narsingdi,Tuesday,Winter
13-04-2017,Murder,Boalmari Thana,Faridpur,Thursday,Summer
19-07-2017,Murder,Nawabganj Thana,Dhaka,Wednesday,Rainy
27-02-2018,Murder,Tongi Thana,Gazipur,Tuesday,Winter
13-03-2018,Murder,Keraniganj Model Thana,Dhaka,Tuesday,Summer
18-11-2017,Murder,South Keraniganj Thana,Dhaka,Saturday,Winter
15-11-2017,Murder,Mithamain Thana,Kishoreganj,Wednesday,Winter
30-09-2017,Murder,Rajoir Thana,Madaripur,Saturday,Rainy
08-11-2017,Murder,Tongi Thana,Gazipur,Wednesday,Winter
05-01-2018,Kidnap,Dhamrai Thana,Dhaka,Friday,Winter
31-08-2017,Murder,Siddhirganj Thana,Narayanganj,Thursday,Rainy
14-09-2017,Murder,Monohardi Thana,Narsingdi,Thursday,Rainy
23-04-2017,Murder,Rajbari Thana,Rajbari,Sunday,Summer
25-04-2017,Murder,Kalihati Thana,Tangail,Tuesday,Summer
03-09-2017,Murder,Joydebpur Thana,Gazipur,Sunday,Rainy
15-10-2017,Violence Against Women,Raipura Thana,Narsingdi,Sunday,Rainy
16-06-2017,Murder,Kalkini Thana,Madaripur,Friday,Summer
12-03-2018,Murder,Narayanganj Model Thana,Narayanganj,Monday,Summer
01-06-2017,Robbery,Raipura Thana,Narsingdi,Thursday,Summer
21-02-2018,Murder,Basail Thana,Tangail,Wednesday,Winter
09-11-2017,Robbery,Charbhadrasan Thana,Faridpur,Thursday,Winter
17-04-2017,Murder,Savar Model Thana,Dhaka,Monday,Summer
14-12-2017,Murder,Tongi Thana,Gazipur,Thursday,Winter
17-10-2017,Kidnap,Tongi Thana,Gazipur,Tuesday,Rainy
01-02-2018,Murder,Raipura Thana,Narsingdi,Thursday,Winter
08-06-2017,Murder,Tongi Thana,Gazipur,Thursday,Summer
30-01-2018,Murder,Sakhipur Thana,Tangail,Tuesday,Winter
24-01-2018,Murder,Shibaloy Thana,Manikganj,Wednesday,Winter
23-05-2017,Murder,Tongi Thana,Gazipur,Tuesday,Summer
11-12-2017,Murder,Madhabdi Thana,Narsingdi,Monday,Winter
26-05-2017,Murder,Monohardi Thana,Narsingdi,Friday,Summer
07-01-2018,Murder,Raipura Thana,Narsingdi,Sunday,Winter
08-04-2017,Kidnap,Nagarpur Thana,Tangail,Saturday,Summer
21-09-2017,Murder,Boalmari Thana,Faridpur,Thursday,Rainy
04-11-2017,Murder,Gazaria Thana,Munshiganj,Saturday,Winter
01-04-2017,Murder,Sonargaon Thana,Narayanganj,Saturday,Summer
13-03-2018,Murder,Sadarpur Thana,Faridpur,Tuesday,Summer
05-04-2017,Robbery,Kaliganj Thana,Gazipur,Wednesday,Summer
19-08-2017,Violence Against Women,Madhukhali Thana,Faridpur,Saturday,Rainy
25-09-2017,Robbery,Dhamrai Thana,Dhaka,Monday,Rainy
01-04-2017,Murder,Nawabganj Thana,Dhaka,Saturday,Summer
28-04-2017,Murder,Rajoir Thana,Madaripur,Friday,Summer
21-02-2018,Murder,Basail Thana,Tangail,Wednesday,Winter
09-11-2017,Murder,Shibchar Thana,Madaripur,Thursday,Winter
25-05-2017,Murder,Bondor Thana,Narayanganj,Thursday,Summer
18-11-2017,Robbery,Kashiani Thana,Gopalganj,Saturday,Winter
04-10-2017,Murder,Madaripur Thana,Madaripur,Wednesday,Rainy
28-11-2017,Murder,Fatullah Model Thana,Narayanganj,Tuesday,Winter
19-09-2017,Murder,Kashiani Thana,Gopalganj,Tuesday,Rainy
14-10-2017,Murder,Ghatail Thana,Tangail,Saturday,Rainy
15-02-2018,Murder,Joydebpur Thana,Gazipur,Thursday,Winter
08-04-2017,Murder,Nawabganj Thana,Dhaka,Saturday,Summer
28-11-2017,Murder,Madhabdi Thana,Narsingdi,Tuesday,Winter
01-11-2017,Murder,Ghatail Thana,Tangail,Wednesday,Winter
22-07-2017,Murder,Fatullah Model Thana,Narayanganj,Saturday,Rainy
11-04-2017,Murder,Kaliganj Thana,Gazipur,Tuesday,Summer
31-01-2018,Murder,Rajbari Thana,Rajbari,Wednesday,Winter
10-02-2018,Robbery,Sonargaon Thana,Narayanganj,Saturday,Winter
02-06-2017,Murder,Kaliakair Thana,Gazipur,Friday,Summer
05-04-2017,Murder,Daulatpur Thana,Manikganj,Wednesday,Summer
02-09-2017,Murder,Ashulia Thana,Dhaka,Saturday,Rainy
08-08-2017,Murder,Gopalganj Thana,Gopalganj,Tuesday,Rainy
04-07-2017,Murder,Joydebpur Thana,Gazipur,Tuesday,Rainy
16-03-2018,Murder,Bhanga Thana,Faridpur,Friday,Summer
20-07-2017,Murder,Madaripur Thana,Madaripur,Thursday,Rainy
01-07-2017,Robbery,Boalmari Thana,Faridpur,Saturday,Rainy
18-01-2018,Murder,Rajoir Thana,Madaripur,Thursday,Winter
16-04-2017,Murder,Sadarpur Thana,Faridpur,Sunday,Summer
13-10-2017,Robbery,Kapasia Thana,Gazipur,Friday,Rainy
03-04-2017,Gang rape,Kapasia Thana,Gazipur,Monday,Summer
18-04-2017,Robbery,Raipura Thana,Narsingdi,Tuesday,Summer
07-08-2017,Robbery,Louhajong Thana,Munshiganj,Monday,Rainy
20-05-2017,Murder,Fatullah Model Thana,Narayanganj,Saturday,Summer
12-12-2017,Robbery,Keraniganj Model Thana,Dhaka,Tuesday,Winter
19-10-2017,Murder,Kaliganj Thana,Gazipur,Thursday,Rainy
22-12-2017,Murder,Narsingdi Thana,Narsingdi,Friday,Winter
26-04-2017,Robbery,Sonargaon Thana,Narayanganj,Wednesday,Summer
10-06-2017,Robbery,Rupganj Thana,Narayanganj,Saturday,Summer
26-11-2017,Murder,Karimganj Thana,Kishoreganj,Sunday,Winter
16-03-2018,Robbery,Saturia Thana,Manikganj,Friday,Summer
03-04-2017,Murder,Madaripur Thana,Madaripur,Monday,Summer
03-03-2018,Murder,Bangabandhu Setu East Thana,Tangail,Saturday,Summer
30-07-2017,Violence Against Women,Bajitpur Thana,Kishoreganj,Sunday,Rainy
03-11-2017,Murder,Nawabganj Thana,Dhaka,Friday,Winter
18-03-2018,Murder,Bhairab Thana,Kishoreganj,Sunday,Summer
30-01-2018,Robbery,Narsingdi Thana,Narsingdi,Tuesday,Winter
22-07-2017,Violence Against Women,Gopalpur Thana,Tangail,Saturday,Rainy
18-03-2018,Murder,Mirzapur Thana,Tangail,Sunday,Summer
14-03-2018,Violence Against Women,Bajitpur Thana,Kishoreganj,Wednesday,Summer
09-10-2017,Kidnap,Mirzapur Thana,Tangail,Monday,Rainy
25-12-2017,Murder,South Keraniganj Thana,Dhaka,Monday,Winter
08-07-2017,Gang rape,Saturia Thana,Manikganj,Saturday,Rainy
16-06-2017,Murder,Tongi Thana,Gazipur,Friday,Summer
08-02-2018,Robbery,Ghior Thana,Manikganj,Thursday,Winter
27-09-2017,Murder,Ghior Thana,Manikganj,Wednesday,Rainy
26-08-2017,Murder,Raipura Thana,Narsingdi,Saturday,Rainy
28-10-2017,Murder,Shibpur Model Thana,Narsingdi,Saturday,Rainy
28-01-2018,Murder,Nagarkanda Model Thana,Faridpur,Sunday,Winter
12-08-2017,Murder,Harirampur Thana,Manikganj,Saturday,Rainy
04-06-2017,Murder,Rupganj Thana,Narayanganj,Sunday,Summer
24-12-2017,Murder,Kotwali Thana,Faridpur,Sunday,Winter
27-07-2017,Robbery,Rupganj Thana,Narayanganj,Thursday,Rainy
10-01-2018,Robbery,Savar Model Thana,Dhaka,Wednesday,Winter
18-02-2018,Murder,Bhanga Thana,Faridpur,Sunday,Winter
08-05-2017,Robbery,Tongi Thana,Gazipur,Monday,Summer
21-08-2017,Kidnap,Kalukhali Thana,Rajbari,Monday,Rainy
13-03-2018,Gang rape,Rupganj Thana,Narayanganj,Tuesday,Summer
06-04-2017,Kidnap,Fatullah Model Thana,Narayanganj,Thursday,Summer
13-11-2017,Murder,Tongi Thana,Gazipur,Monday,Winter
16-12-2017,Murder,Joydebpur Thana,Gazipur,Saturday,Winter
23-01-2018,Murder,Rupganj Thana,Narayanganj,Tuesday,Winter
20-02-2018,Robbery,Keraniganj Model Thana,Dhaka,Tuesday,Winter
07-06-2017,Murder,Shibpur Model Thana,Narsingdi,Wednesday,Summer
27-07-2017,Murder,Joydebpur Thana,Gazipur,Thursday,Rainy
18-04-2017,Murder,Bondor Thana,Narayanganj,Tuesday,Summer
10-06-2017,Gang rape,Rajoir Thana,Madaripur,Saturday,Summer
04-08-2017,Gang rape,Narsingdi Thana,Narsingdi,Friday,Rainy
21-12-2017,Murder,Savar Model Thana,Dhaka,Thursday,Winter
01-06-2017,Murder,Kotwali Thana,Faridpur,Thursday,Summer
20-11-2017,Murder,Araihazar Thana,Narayanganj,Monday,Winter
08-08-2017,Robbery,Shibpur Model Thana,Narsingdi,Tuesday,Rainy
02-10-2017,Murder,Nikli Thana,Kishoreganj,Monday,Rainy
26-04-2017,Murder,Siddhirganj Thana,Narayanganj,Wednesday,Summer
24-01-2018,Murder,Rajbari Thana,Rajbari,Wednesday,Winter
25-10-2017,Murder,Tangail Thana,Tangail,Wednesday,Rainy
03-03-2018,Murder,Savar Model Thana,Dhaka,Saturday,Summer
27-05-2017,Murder,Raipura Thana,Narsingdi,Saturday,Summer
25-10-2017,Murder,South Keraniganj Thana,Dhaka,Wednesday,Rainy
01-08-2017,Murder,South Keraniganj Thana,Dhaka,Tuesday,Rainy
24-11-2017,Violence Against Women,Singair Thana,Manikganj,Friday,Winter
12-05-2017,Gang rape,Manikganj Thana,Manikganj,Friday,Summer
11-07-2017,Murder,Savar Model Thana,Dhaka,Tuesday,Rainy
08-06-2017,Murder,South Keraniganj Thana,Dhaka,Thursday,Summer
11-07-2017,Murder,Pangsha Model Thana,Rajbari,Tuesday,Rainy
18-01-2018,Murder,Katiadi Model Thana,Kishoreganj,Thursday,Winter
09-09-2017,Murder,Rajoir Thana,Madaripur,Saturday,Rainy
31-10-2017,Murder,Shibpur Model Thana,Narsingdi,Tuesday,Rainy
22-05-2017,Murder,Tongi Thana,Gazipur,Monday,Summer
20-04-2017,Murder,Goalandaghat Thana,Rajbari,Thursday,Summer
10-08-2017,Murder,Itna Thana,Kishoreganj,Thursday,Rainy
17-09-2017,Murder,Keraniganj Model Thana,Dhaka,Sunday,Rainy
10-02-2018,Murder,Tangail Thana,Tangail,Saturday,Winter
03-05-2017,Robbery,Kotwali Thana,Faridpur,Wednesday,Summer
25-05-2017,Kidnap,Singair Thana,Manikganj,Thursday,Summer
26-06-2017,Murder,Muksudpur Thana,Gopalganj,Monday,Summer
22-09-2017,Murder,Joydebpur Thana,Gazipur,Friday,Rainy
08-08-2017,Kidnap,Joydebpur Thana,Gazipur,Tuesday,Rainy
04-12-2017,Violence Against Women,Bondor Thana,Narayanganj,Monday,Winter
15-06-2017,Murder,Siddhirganj Thana,Narayanganj,Thursday,Summer
14-07-2017,Kidnap,Goshairhat Thana,Shariatpur,Friday,Rainy
15-08-2017,Murder,Keraniganj Model Thana,Dhaka,Tuesday,Rainy
21-06-2017,Murder,Madhukhali Thana,Faridpur,Wednesday,Summer
31-12-2017,Murder,Joydebpur Thana,Gazipur,Sunday,Winter
01-03-2018,Murder,Goshairhat Thana,Shariatpur,Thursday,Summer
07-03-2018,Kidnap,Singair Thana,Manikganj,Wednesday,Summer
15-04-2017,Murder,Saturia Thana,Manikganj,Saturday,Summer
28-08-2017,Murder,Tongi Thana,Gazipur,Monday,Rainy
21-04-2017,Murder,Raipura Thana,Narsingdi,Friday,Summer
23-07-2017,Murder,Mirzapur Thana,Tangail,Sunday,Rainy
06-02-2018,Murder,Shibpur Model Thana,Narsingdi,Tuesday,Winter
20-01-2018,Murder,Araihazar Thana,Narayanganj,Saturday,Winter
22-02-2018,Murder,Monohardi Thana,Narsingdi,Thursday,Winter
10-03-2018,Murder,Rajoir Thana,Madaripur,Saturday,Summer
02-09-2017,Robbery,Dhamrai Thana,Dhaka,Saturday,Rainy
14-03-2018,Robbery,Dohar Thana,Dhaka,Wednesday,Summer
13-03-2018,Murder,Joydebpur Thana,Gazipur,Tuesday,Summer
14-11-2017,Murder,Narsingdi Model Thana,Narsingdi,Tuesday,Winter
18-12-2017,Violence Against Women,Damudya Thana,Shariatpur,Monday,Winter
28-03-2018,Murder,Manikganj Thana,Manikganj,Wednesday,Summer
22-05-2017,Robbery,Fatullah Model Thana,Narayanganj,Monday,Summer
16-04-2017,Gang rape,Dasar Thana,Madaripur,Sunday,Summer
19-03-2018,Murder,Bhanga Thana,Faridpur,Monday,Summer
15-12-2017,Murder,Bhairab Thana,Kishoreganj,Friday,Winter
11-03-2018,Murder,Bajitpur Thana,Kishoreganj,Sunday,Summer
20-05-2017,Robbery,Siddhirganj Thana,Narayanganj,Saturday,Summer
15-01-2018,Robbery,Zajira Thana,Shariatpur,Monday,Winter
17-11-2017,Robbery,Savar Model Thana,Dhaka,Friday,Winter
31-07-2017,Gang rape,Rajoir Thana,Madaripur,Monday,Rainy
25-02-2018,Gang rape,Bhanga Thana,Faridpur,Sunday,Winter
16-05-2017,Murder,Kaliganj Thana,Gazipur,Tuesday,Summer
03-03-2018,Murder,Joydebpur Thana,Gazipur,Saturday,Summer
22-02-2018,Kidnap,Tongi Thana,Gazipur,Thursday,Winter
18-01-2018,Robbery,Sonargaon Thana,Narayanganj,Thursday,Winter
25-09-2017,Robbery,Sirajdikhan Thana,Munshiganj,Monday,Rainy
02-10-2017,Murder,Bhairab Thana,Kishoreganj,Monday,Rainy
11-07-2017,Murder,Joydebpur Thana,Gazipur,Tuesday,Rainy
18-06-2017,Robbery,Dhamrai Thana,Dhaka,Sunday,Summer
23-04-2017,Murder,Raipura Thana,Narsingdi,Sunday,Summer
23-06-2017,Murder,Joydebpur Thana,Gazipur,Friday,Summer
31-07-2017,Kidnap,Rupganj Thana,Narayanganj,Monday,Rainy
07-01-2018,Murder,Kuliarchar Thana,Kishoreganj,Sunday,Winter
20-10-2017,Murder,Tongi Thana,Gazipur,Friday,Rainy
28-11-2017,Murder,Ashulia Thana,Dhaka,Tuesday,Winter
30-06-2017,Murder,Shibpur Model Thana,Narsingdi,Friday,Summer
25-02-2018,Murder,Narsingdi Thana,Narsingdi,Sunday,Winter
18-08-2017,Murder,Belabo Thana,Narsingdi,Friday,Rainy
21-01-2018,Robbery,South Keraniganj Thana,Dhaka,Sunday,Winter
22-11-2017,Murder,Saltha Thana,Faridpur,Wednesday,Winter
23-08-2017,Murder,Bhairab Thana,Kishoreganj,Wednesday,Rainy
24-08-2017,Murder,Raipura Thana,Narsingdi,Thursday,Rainy
01-06-2017,Robbery,Sonargaon Thana,Narayanganj,Thursday,Summer
10-03-2018,Murder,Mirzapur Thana,Tangail,Saturday,Summer
05-02-2018,Kidnap,Joydebpur Thana,Gazipur,Monday,Winter
09-10-2017,Murder,Ghatail Thana,Tangail,Monday,Rainy
11-10-2017,Murder,Sreepur Thana,Gazipur,Wednesday,Rainy
28-06-2017,Murder,Kashiani Thana,Gopalganj,Wednesday,Summer
18-10-2017,Kidnap,Pakundia Thana,Kishoreganj,Wednesday,Rainy
06-03-2018,Murder,Keraniganj Model Thana,Dhaka,Tuesday,Summer
08-02-2018,Murder,Saltha Thana,Faridpur,Thursday,Winter
06-04-2017,Robbery,Sirajdikhan Thana,Munshiganj,Thursday,Summer
23-03-2018,Murder,Munshiganj Thana,Munshiganj,Friday,Summer
09-11-2017,Murder,Kashiani Thana,Gopalganj,Thursday,Winter
05-09-2017,Robbery,Louhajong Thana,Munshiganj,Tuesday,Rainy
19-08-2017,Murder,Madaripur Thana,Madaripur,Saturday,Rainy
25-08-2017,Kidnap,Madhabdi Thana,Narsingdi,Friday,Rainy
21-04-2017,Robbery,Araihazar Thana,Narayanganj,Friday,Summer
08-09-2017,Murder,Kishoreganj Model Thana,Kishoreganj,Friday,Rainy
